# MagicaVoxel @ Ephtracy

# group
o 

# material
mtllib Spiky.mtl
usemtl palette

# normals
vn -1 0 0
vn 1 0 0
vn 0 0 1
vn 0 0 -1
vn 0 -1 0
vn 0 1 0

# texcoords
vt 0.00195312 0.5
vt 0.00585938 0.5
vt 0.0683594 0.5
vt 0.0839844 0.5
vt 0.419922 0.5
vt 0.693359 0.5
vt 0.701172 0.5
vt 0.869141 0.5
vt 0.958984 0.5
vt 0.966797 0.5

# verts
v -1.4 0 -0.2
v -1.4 0 -0.5
v -1.4 0.2 -0.2
v -1.4 0.2 -0.5
v -1.3 0 -0.1
v -1.3 0 -0.2
v -1.3 0.2 -0.2
v -1.3 0.2 -0.4
v -1.3 0.3 -0.1
v -1.3 0.3 -0.4
v -1.1 0 0
v -1.1 0 -0.1
v -1.1 0.3 0
v -1.1 0.3 -0.1
v -1.1 0.3 -1
v -1.1 0.3 -1.1
v -1.1 1.4 0.0999999
v -1.1 1.4 -0.7
v -1.1 1.4 -1
v -1.1 1.4 -1.1
v -1.1 2 0.0999999
v -1.1 2 -0.7
v -1 0 -0.8
v -1 0 -1.1
v -1 0.2 -1.1
v -1 0.2 -1.2
v -1 0.3 -0.8
v -1 0.3 -1
v -1 0.3 -1.1
v -1 0.8 0.2
v -1 0.8 -0.3
v -1 1.2 0.2
v -1 1.2 -0.3
v -1 1.3 0.2
v -1 1.3 -1
v -1 1.4 0.0999999
v -1 1.4 -0.7
v -1 1.4 -1
v -1 1.4 -1.1
v -1 1.7 -1.1
v -1 1.7 -1.2
v -1 1.8 -1
v -1 1.8 -1.1
v -1 2 0.0999999
v -1 2 -0.7
v -1 2 -0.8
v -1 2 -1
v -1 2.1 0.2
v -1 2.1 -0.8
v -1 2.2 0.7
v -1 2.2 -0.6
v -1 2.3 0.8
v -1 2.3 0.7
v -1 2.4 0.8
v -1 2.4 -0.6
v -0.9 0 0.0999999
v -0.9 0 0
v -0.9 0 -0.7
v -0.9 0 -0.8
v -0.9 0.2 -0.7
v -0.9 0.2 -0.8
v -0.9 0.3 0.0999999
v -0.9 0.3 0
v -0.9 0.3 -0.3
v -0.9 0.4 0
v -0.9 0.4 -0.3
v -0.9 0.5 0.2
v -0.9 0.5 -0.4
v -0.9 0.6 0.2
v -0.9 0.6 -0.4
v -0.9 0.8 0.2
v -0.9 0.8 -0.3
v -0.9 0.9 0.3
v -0.9 0.9 0.2
v -0.9 1.2 0.3
v -0.9 1.2 0.2
v -0.9 1.2 -0.3
v -0.9 1.2 -0.4
v -0.9 1.3 1
v -0.9 1.3 0.7
v -0.9 1.3 0.5
v -0.9 1.3 0.2
v -0.9 1.3 -0.3
v -0.9 1.9 0.5
v -0.9 1.9 0.4
v -0.9 2 0.4
v -0.9 2 0.3
v -0.9 2 -0.8
v -0.9 2 -0.9
v -0.9 2.1 0.3
v -0.9 2.1 0.2
v -0.9 2.1 -0.8
v -0.9 2.2 0.7
v -0.9 2.2 0.2
v -0.9 2.2 -0.6
v -0.9 2.2 -0.8
v -0.9 2.2 -0.9
v -0.9 2.3 0.8
v -0.9 2.3 0.7
v -0.9 2.3 -0.7
v -0.9 2.3 -0.8
v -0.9 2.4 1
v -0.9 2.4 0.8
v -0.9 2.4 -0.6
v -0.9 2.4 -0.7
v -0.9 2.6 1
v -0.9 2.6 -0.6
v -0.8 0 0.2
v -0.8 0 0.0999999
v -0.8 0 -0.6
v -0.8 0 -0.7
v -0.8 0.2 -0.6
v -0.8 0.2 -0.7
v -0.8 0.3 0.0999999
v -0.8 0.3 0
v -0.8 0.3 -1.2
v -0.8 0.3 -1.3
v -0.8 0.4 0
v -0.8 0.4 -0.2
v -0.8 0.5 0.3
v -0.8 0.5 0.2
v -0.8 0.5 -0.2
v -0.8 0.6 0.3
v -0.8 0.6 0.2
v -0.8 0.6 -0.4
v -0.8 0.6 -0.5
v -0.8 0.7 0.4
v -0.8 0.7 0.3
v -0.8 0.7 -0.4
v -0.8 0.7 -0.5
v -0.8 0.8 0.4
v -0.8 0.8 0.3
v -0.8 0.9 0.4
v -0.8 0.9 0.3
v -0.8 0.9 0.2
v -0.8 1 0.4
v -0.8 1 0.3
v -0.8 1.1 1
v -0.8 1.1 0.8
v -0.8 1.1 0.4
v -0.8 1.1 0.3
v -0.8 1.2 0.4
v -0.8 1.2 0.3
v -0.8 1.2 -0.4
v -0.8 1.2 -0.5
v -0.8 1.3 1
v -0.8 1.3 0.8
v -0.8 1.3 0.7
v -0.8 1.3 0.5
v -0.8 1.6 -1.2
v -0.8 1.6 -1.3
v -0.8 1.9 0.5
v -0.8 1.9 0.4
v -0.8 2 0.4
v -0.8 2 0.3
v -0.8 2.1 0.3
v -0.8 2.1 0.2
v -0.8 2.2 0.7
v -0.8 2.2 0.2
v -0.8 2.3 -0.7
v -0.8 2.3 -0.8
v -0.8 2.4 -0.6
v -0.8 2.4 -0.7
v -0.8 2.5 1.1
v -0.8 2.5 1
v -0.8 2.6 1
v -0.8 2.6 -0.6
v -0.8 2.7 1.1
v -0.8 2.7 -0.8
v -0.7 0.1 0.3
v -0.7 0.1 0.2
v -0.7 0.4 -1.3
v -0.7 0.4 -1.4
v -0.7 0.5 0.3
v -0.7 0.5 0.2
v -0.7 0.5 -0.6
v -0.7 0.5 -0.7
v -0.7 0.6 0.4
v -0.7 0.6 0.3
v -0.7 0.6 -0.5
v -0.7 0.6 -0.6
v -0.7 0.6 -0.7
v -0.7 0.7 0.4
v -0.7 0.7 0.3
v -0.7 0.7 -0.5
v -0.7 0.7 -0.6
v -0.7 0.8 0.5
v -0.7 0.8 0.4
v -0.7 0.9 0.4
v -0.7 1 0.4
v -0.7 1.1 0.4
v -0.7 1.2 0.5
v -0.7 1.2 0.4
v -0.7 1.2 0.3
v -0.7 1.2 0.2
v -0.7 1.2 -0.3
v -0.7 1.2 -0.5
v -0.7 1.2 -0.7
v -0.7 1.3 0.4
v -0.7 1.3 0.3
v -0.7 1.3 0.2
v -0.7 1.3 -0.3
v -0.7 1.3 -0.5
v -0.7 1.5 1.1
v -0.7 1.5 1
v -0.7 1.5 -1.3
v -0.7 1.5 -1.4
v -0.7 1.8 1.1
v -0.7 1.8 1
v -0.7 1.8 -0.8
v -0.7 1.8 -0.9
v -0.7 1.9 -0.8
v -0.7 1.9 -0.9
v -0.7 2 -0.7
v -0.7 2 -0.8
v -0.7 2.1 -0.7
v -0.7 2.1 -0.8
v -0.7 2.2 -0.8
v -0.7 2.2 -0.9
v -0.7 2.6 -0.8
v -0.7 2.6 -0.9
v -0.7 2.7 1
v -0.7 2.7 -0.5
v -0.7 2.8 1
v -0.7 2.8 -0.5
v -0.6 0 -0.5
v -0.6 0 -0.6
v -0.6 0.2 -0.5
v -0.6 0.2 -0.6
v -0.6 0.2 -0.9
v -0.6 0.2 -1
v -0.6 0.5 -0.7
v -0.6 0.5 -0.8
v -0.6 0.5 -1.4
v -0.6 0.5 -1.5
v -0.6 0.6 -0.7
v -0.6 0.6 -0.8
v -0.6 0.7 0.5
v -0.6 0.7 0.4
v -0.6 0.8 0.6
v -0.6 0.8 0.5
v -0.6 0.8 0.4
v -0.6 0.9 0.6
v -0.6 0.9 0.5
v -0.6 1 0.6
v -0.6 1 0.5
v -0.6 1.1 0.6
v -0.6 1.1 0.5
v -0.6 1.2 0.6
v -0.6 1.2 0.5
v -0.6 1.2 0.4
v -0.6 1.2 -0.5
v -0.6 1.2 -0.7
v -0.6 1.2 -0.8
v -0.6 1.3 0.5
v -0.6 1.3 0.4
v -0.6 1.3 -0.5
v -0.6 1.3 -0.7
v -0.6 1.4 1.2
v -0.6 1.4 1
v -0.6 1.4 -1.4
v -0.6 1.4 -1.5
v -0.6 1.5 1.1
v -0.6 1.5 1
v -0.6 1.5 -0.9
v -0.6 1.5 -1
v -0.6 1.7 -1.1
v -0.6 1.7 -1.2
v -0.6 1.8 1.2
v -0.6 1.8 1.1
v -0.6 1.8 1
v -0.6 1.8 -0.9
v -0.6 1.8 -1.1
v -0.6 1.8 -1.2
v -0.6 1.9 1.1
v -0.6 1.9 1
v -0.6 1.9 -0.8
v -0.6 1.9 -0.9
v -0.6 1.9 -1
v -0.6 1.9 -1.1
v -0.6 2 1.1
v -0.6 2 1
v -0.6 2.1 1.2
v -0.6 2.1 1
v -0.6 2.1 -0.8
v -0.6 2.1 -0.9
v -0.6 2.2 -0.9
v -0.6 2.2 -1
v -0.6 2.5 1.2
v -0.6 2.5 1.1
v -0.6 2.5 1
v -0.6 2.7 1.1
v -0.6 2.7 1
v -0.6 2.7 -0.5
v -0.6 2.7 -0.6
v -0.6 2.8 1.1
v -0.6 2.8 1
v -0.6 2.8 0.9
v -0.6 2.8 -0.3
v -0.6 2.8 -0.5
v -0.6 2.8 -0.6
v -0.6 2.9 0.9
v -0.6 2.9 -0.3
v -0.5 0 -0.4
v -0.5 0 -0.5
v -0.5 0.2 -0.4
v -0.5 0.2 -0.5
v -0.5 0.2 -0.8
v -0.5 0.3 -0.5
v -0.5 0.3 -0.8
v -0.5 0.4 -0.8
v -0.5 0.4 -0.9
v -0.5 0.5 -0.8
v -0.5 0.5 -0.9
v -0.5 0.6 -0.8
v -0.5 0.7 -0.2
v -0.5 0.7 -0.3
v -0.5 0.8 0.8
v -0.5 0.8 0.6
v -0.5 0.8 0.4
v -0.5 0.8 0.3
v -0.5 0.8 -0.2
v -0.5 0.8 -0.3
v -0.5 0.9 0.6
v -0.5 0.9 0.4
v -0.5 0.9 0.3
v -0.5 1 0.6
v -0.5 1.1 0.6
v -0.5 1.2 0.8
v -0.5 1.2 0.6
v -0.5 1.2 -0.7
v -0.5 1.2 -0.8
v -0.5 1.2 -0.9
v -0.5 1.3 -0.7
v -0.5 1.3 -0.8
v -0.5 1.4 1
v -0.5 1.4 0.0999999
v -0.5 1.5 1.3
v -0.5 1.5 1.2
v -0.5 1.5 1
v -0.5 1.5 0.8
v -0.5 1.5 0.0999999
v -0.5 1.8 1.3
v -0.5 1.8 1.2
v -0.5 1.8 1.1
v -0.5 1.9 1.2
v -0.5 1.9 1.1
v -0.5 2.5 1.2
v -0.5 2.5 1.1
v -0.5 2.6 1.2
v -0.5 2.6 1.1
v -0.5 2.9 0.8
v -0.5 2.9 -0.2
v -0.5 3 0.8
v -0.5 3 -0.2
v -0.4 0 -0.3
v -0.4 0 -0.4
v -0.4 0.2 -0.4
v -0.4 0.2 -0.5
v -0.4 0.3 -0.5
v -0.4 0.3 -0.7
v -0.4 0.6 -0.2
v -0.4 0.6 -0.3
v -0.4 0.7 0.7
v -0.4 0.7 0.6
v -0.4 0.7 0.3
v -0.4 0.7 0.2
v -0.4 0.7 -0.2
v -0.4 0.7 -0.3
v -0.4 0.8 1
v -0.4 0.8 0.8
v -0.4 0.8 0.7
v -0.4 0.8 0.6
v -0.4 0.8 0.5
v -0.4 0.8 0.4
v -0.4 0.8 0.3
v -0.4 0.8 0.2
v -0.4 0.8 -0.6
v -0.4 0.8 -0.7
v -0.4 0.9 0.5
v -0.4 0.9 0.4
v -0.4 0.9 -0.3
v -0.4 0.9 -0.5
v -0.4 0.9 -0.6
v -0.4 1 1
v -0.4 1 0.9
v -0.4 1.2 0.9
v -0.4 1.2 0.8
v -0.4 1.2 0.6
v -0.4 1.2 0.5
v -0.4 1.2 0.4
v -0.4 1.3 0.8
v -0.4 1.3 0.6
v -0.4 1.3 0.5
v -0.4 1.3 0.4
v -0.4 1.4 1.3
v -0.4 1.4 1.2
v -0.4 1.5 1.3
v -0.4 1.5 1.2
v -0.4 2 1.1
v -0.4 2 1
v -0.4 2.1 1.1
v -0.4 2.1 1
v -0.4 2.6 1.2
v -0.4 2.6 1.1
v -0.4 2.8 1.2
v -0.4 2.8 1.1
v -0.4 3 0.7
v -0.4 3 -0.1
v -0.4 3.1 0.7
v -0.4 3.1 -0.1
v -0.3 0 1
v -0.3 0 0.7
v -0.3 0.1 1
v -0.3 0.1 0.9
v -0.3 0.1 0.7
v -0.3 0.7 0.7
v -0.3 0.7 0.6
v -0.3 0.7 0.5
v -0.3 0.7 0.4
v -0.3 0.7 0.3
v -0.3 0.7 -0.7
v -0.3 0.7 -0.8
v -0.3 0.8 0.9
v -0.3 0.8 0.7
v -0.3 0.8 0.5
v -0.3 0.8 0.4
v -0.3 0.8 0.3
v -0.3 0.8 -0.7
v -0.3 0.8 -0.8
v -0.3 1 1
v -0.3 1 0.9
v -0.3 1.1 1
v -0.3 1.1 0.9
v -0.3 1.2 0.9
v -0.3 1.2 0.8
v -0.3 1.3 0.9
v -0.3 1.3 0.8
v -0.3 1.3 0.6
v -0.3 1.3 0.5
v -0.3 2.1 1.1
v -0.3 2.1 1
v -0.3 2.2 1.1
v -0.3 2.2 1
v -0.3 2.5 1.3
v -0.3 2.5 1.2
v -0.3 2.6 1.3
v -0.3 2.6 1.2
v -0.2 0.5 -0.2
v -0.2 0.5 -0.3
v -0.2 0.5 -0.7
v -0.2 0.5 -0.8
v -0.2 0.6 -0.2
v -0.2 0.6 -0.3
v -0.2 0.7 -0.7
v -0.2 0.7 -0.8
v -0.1 0.4 -0.7
v -0.1 0.4 -0.8
v -0.1 0.5 -0.7
v -0.1 0.5 -0.8
v -0.1 0.8 -0.7
v -0.1 0.8 -0.8
v -0.1 0.9 -0.7
v -0.1 0.9 -0.8
v -0.1 2.2 1.2
v -0.1 2.2 1.1
v -0.1 2.3 1.1
v -0.1 2.3 1
v -0.1 2.4 1.3
v -0.1 2.4 1.2
v -0.1 2.5 1.3
v -0.1 2.5 1
v 0 1 1
v 0 1 0.9
v 0 1.2 1
v 0 1.2 0.9
v 0 1.3 0.9
v 0 1.3 0.7
v 0 1.3 0.6
v 0 1.4 0.9
v 0 1.4 0.6
v 0 2.2 1.3
v 0 2.2 1.2
v 0 2.4 1.3
v 0 2.4 1.2
v 0.1 0.3 -0.8
v 0.1 0.3 -0.9
v 0.1 0.5 -0.8
v 0.1 0.6 -0.8
v 0.1 0.8 0.9
v 0.1 0.8 0.8
v 0.1 0.9 0.9
v 0.1 0.9 0.8
v 0.1 1.1 -0.8
v 0.1 1.2 0.4
v 0.1 1.2 0.3
v 0.1 1.3 0.4
v 0.1 1.3 0.3
v 0.1 1.5 -0.8
v 0.1 1.5 -0.9
v 0.3 0.9 1
v 0.3 0.9 0.9
v 0.3 0.9 -0.7
v 0.3 0.9 -0.8
v 0.3 1 1
v 0.3 1 0.9
v 0.3 1.1 1
v 0.3 1.1 0.9
v 0.3 1.2 1
v 0.3 1.2 0.9
v 0.3 1.2 -0.6
v 0.3 1.2 -0.7
v 0.3 1.3 -0.5
v 0.3 1.3 -0.6
v 0.3 1.5 -0.5
v 0.3 1.5 -0.8
v 0.3 2 1.1
v 0.3 2 1
v 0.3 2.2 1.1
v 0.3 2.2 1
v 0.4 0 1
v 0.4 0 0.7
v 0.4 0.1 1
v 0.4 0.1 0.9
v 0.4 0.1 0.7
v 0.4 0.7 0.8
v 0.4 0.7 0.7
v 0.4 0.8 1
v 0.4 0.8 0.9
v 0.4 0.9 1
v 0.4 0.9 0.9
v 0.4 0.9 0.8
v 0.4 2.2 1.1
v 0.4 2.2 1
v 0.4 2.3 1.1
v 0.4 2.3 1
v 0.4 2.4 1.3
v 0.4 2.4 1.2
v 0.4 2.6 1.3
v 0.4 2.6 1.2
v 0.5 0.8 -0.7
v 0.5 0.8 -0.8
v 0.5 0.9 -0.6
v 0.5 0.9 -0.7
v 0.5 0.9 -0.8
v 0.5 1 -0.5
v 0.5 1 -0.6
v 0.5 1.1 -0.4
v 0.5 1.1 -0.5
v 0.5 1.2 -0.2
v 0.5 1.2 -0.4
v 0.5 1.2 -0.6
v 0.5 1.2 -0.7
v 0.5 1.3 -0.5
v 0.5 1.3 -0.6
v 0.5 1.4 0.2
v 0.5 1.4 0.0999999
v 0.5 1.4 -0.3
v 0.5 1.4 -0.4
v 0.5 1.5 0.2
v 0.5 1.5 0.0999999
v 0.5 1.5 -0.2
v 0.5 1.5 -0.3
v 0.5 1.5 -0.4
v 0.5 1.5 -0.5
v 0.5 2.2 1.3
v 0.5 2.2 1.2
v 0.5 2.3 1.2
v 0.5 2.3 1.1
v 0.5 2.4 1.3
v 0.5 2.4 1.1
v 0.6 1.3 0.0999999
v 0.6 1.3 -0.2
v 0.6 1.4 0.0999999
v 0.6 1.5 0.0999999
v 0.6 1.5 -0.2
v 0.8 1.1 -0.3
v 0.8 1.1 -0.4
v 0.8 1.2 -0.3
v 0.8 1.2 -0.4
v 0.8 1.4 -0.3
v 0.8 1.4 -0.4
v 0.8 1.5 -0.3
v 0.8 1.5 -0.4
v 0.8 2.5 1.3
v 0.8 2.5 1.2
v 0.8 2.5 1.1
v 0.8 2.6 1.3
v 0.8 2.6 1.1
v 0.9 1.8 1.2
v 0.9 1.8 1.1
v 0.9 1.9 1.1
v 0.9 2 1.1
v 0.9 2 0.8
v 0.9 2.2 0.9
v 0.9 2.2 0.8
v 0.9 2.4 1.2
v 0.9 2.4 1
v 0.9 2.5 1
v 0.9 2.5 0.9
v 0.9 2.6 1.3
v 0.9 2.6 1.1
v 0.9 2.7 1.3
v 0.9 2.7 1.1
v 1 0.8 0.3
v 1 0.8 -0.7
v 1 0.9 0.5
v 1 0.9 0.3
v 1 0.9 -0.6
v 1 0.9 -0.7
v 1 1 1.2
v 1 1 0.8
v 1 1 -0.5
v 1 1 -0.6
v 1 1.1 1.2
v 1 1.1 1.1
v 1 1.1 -0.3
v 1 1.1 -0.5
v 1 1.2 1.1
v 1 1.2 0.8
v 1 1.2 -0.2
v 1 1.2 -0.3
v 1 1.3 0.0999999
v 1 1.3 -0.2
v 1 1.4 0.5
v 1 1.4 0.0999999
v 1 1.8 1.3
v 1 1.8 1.2
v 1 2.4 1.3
v 1 2.4 1.2
v 1 2.7 1.3
v 1 2.7 1.2
v 1 2.8 1.3
v 1 2.8 1.2
v 1.1 1.1 1.2
v 1.1 1.1 1.1
v 1.1 1.2 1.1
v 1.1 1.2 0.8
v 1.1 1.4 1.3
v 1.1 1.4 1.2
v 1.1 1.4 0.9
v 1.1 1.4 0.8
v 1.1 1.5 1.2
v 1.1 1.5 0.9
v 1.1 1.7 1.3
v 1.1 1.7 1.2
v -1.1 0 -0.4
v -1.1 0 -0.5
v -1.1 0.2 -0.4
v -1.1 0.2 -0.5
v -0.9 0.2 -0.8
v -0.9 0.2 -0.9
v -0.9 0.3 -0.8
v -0.9 0.3 -0.9
v -0.8 0 -0.3
v -0.8 0 -0.4
v -0.8 0.2 -0.9
v -0.8 0.2 -1
v -0.8 0.3 -0.3
v -0.8 0.3 -0.4
v -0.8 0.3 -0.9
v -0.8 0.3 -1
v -0.8 0.5 -0.2
v -0.8 0.5 -0.4
v -0.8 0.6 -0.2
v -0.8 0.6 -0.4
v -0.8 0.7 -0.4
v -0.8 0.8 -0.2
v -0.8 0.8 -0.4
v -0.8 1.3 0.4
v -0.8 1.3 0.2
v -0.8 1.3 -0.3
v -0.8 1.3 -1
v -0.8 1.5 0.4
v -0.8 1.5 -1
v -0.8 1.8 -0.8
v -0.8 1.8 -1
v -0.8 2 -0.7
v -0.8 2 -0.8
v -0.8 2 -0.9
v -0.8 2 -1
v -0.8 2.1 -0.7
v -0.8 2.1 -0.9
v -0.7 0 -0.2
v -0.7 0 -0.3
v -0.7 0 -1
v -0.7 0 -1.1
v -0.7 0.2 -1
v -0.7 0.2 -1.1
v -0.7 0.4 -0.2
v -0.7 0.4 -0.3
v -0.7 0.6 -0.4
v -0.7 0.6 -0.5
v -0.7 0.7 -0.4
v -0.7 0.7 -0.5
v -0.7 0.8 -0.4
v -0.7 0.8 -0.5
v -0.6 0 -0.9
v -0.6 0 -1
v -0.6 0.2 -0.9
v -0.6 0.2 -1
v -0.6 0.5 -0.6
v -0.6 0.5 -0.7
v -0.6 0.6 0.4
v -0.6 0.6 0.3
v -0.6 0.6 -0.5
v -0.6 0.6 -0.6
v -0.6 0.6 -0.7
v -0.6 0.7 0.4
v -0.6 0.7 0.3
v -0.6 0.7 -0.5
v -0.6 0.7 -0.6
v -0.6 0.8 0.4
v -0.6 0.8 0.3
v -0.6 0.8 -0.5
v -0.6 0.8 -0.7
v -0.6 0.9 0.4
v -0.6 0.9 0.3
v -0.6 1.1 1
v -0.6 1.1 0.8
v -0.6 1.2 0.4
v -0.6 1.2 0.3
v -0.6 1.3 0.8
v -0.6 1.3 0.5
v -0.6 1.3 0.4
v -0.6 1.3 0.3
v -0.6 1.4 1
v -0.6 1.5 1
v -0.6 1.5 0.8
v -0.6 1.5 0.4
v -0.5 0 0.2
v -0.5 0 -0.2
v -0.5 0 -0.8
v -0.5 0 -0.9
v -0.5 0.1 0.3
v -0.5 0.1 0.2
v -0.5 0.1 -0.1
v -0.5 0.2 -0.8
v -0.5 0.2 -0.9
v -0.5 0.5 -0.7
v -0.5 0.5 -0.8
v -0.5 0.6 0.2
v -0.5 0.6 -0.1
v -0.5 0.6 -0.2
v -0.5 0.6 -0.7
v -0.5 0.6 -0.8
v -0.5 0.7 0.5
v -0.5 0.7 0.4
v -0.5 0.7 0.3
v -0.5 0.7 0.2
v -0.5 0.8 0.6
v -0.5 0.8 0.5
v -0.5 0.8 0.4
v -0.5 0.8 0.3
v -0.5 0.8 0.2
v -0.5 0.8 -0.3
v -0.5 0.8 -0.5
v -0.5 0.8 -0.6
v -0.5 0.8 -0.7
v -0.5 0.8 -0.8
v -0.5 0.9 0.6
v -0.5 0.9 0.5
v -0.5 0.9 0.4
v -0.5 0.9 -0.3
v -0.5 0.9 -0.5
v -0.5 0.9 -0.6
v -0.5 1 0.6
v -0.5 1 0.5
v -0.5 1.1 0.6
v -0.5 1.1 0.5
v -0.5 1.2 0.6
v -0.5 1.2 0.5
v -0.5 1.2 0.4
v -0.5 1.2 0.3
v -0.5 1.2 0.0999999
v -0.5 1.3 0.5
v -0.5 1.3 0.4
v -0.5 1.3 0.3
v -0.5 1.3 0.0999999
v -0.5 2.1 1.2
v -0.5 2.1 1.1
v -0.5 2.2 1.2
v -0.5 2.2 1.1
v -0.4 0.1 0.2
v -0.4 0.1 -0.1
v -0.4 0.6 0.2
v -0.4 0.6 0
v -0.4 0.6 -0.1
v -0.4 0.7 0.2
v -0.4 0.7 0
v -0.4 2.1 1.1
v -0.4 2.1 1
v -0.4 2.2 1.2
v -0.4 2.2 1.1
v -0.4 2.2 1
v -0.4 2.4 1.2
v -0.4 2.4 1.1
v -0.3 1.2 0.0999999
v -0.3 1.2 0
v -0.3 1.3 0.0999999
v -0.3 1.3 0
v -0.3 1.4 1.3
v -0.3 1.4 1.2
v -0.3 1.5 1.3
v -0.3 1.5 1.2
v -0.3 1.8 1.2
v -0.3 1.8 1.1
v -0.3 1.9 1.2
v -0.3 1.9 1.1
v -0.3 2.2 1.1
v -0.3 2.2 1
v -0.3 2.4 1.2
v -0.3 2.4 1.1
v -0.3 2.4 1
v -0.3 2.5 1.2
v -0.3 2.5 1.1
v -0.2 0 -0.7
v -0.2 0 -0.8
v -0.2 0.3 -0.7
v -0.2 0.3 -0.8
v -0.2 0.6 0
v -0.2 0.6 -0.2
v -0.2 0.7 0
v -0.2 0.7 -0.2
v -0.2 0.8 -0.7
v -0.2 0.8 -0.8
v -0.2 0.9 -0.7
v -0.2 0.9 -0.8
v -0.2 1.2 0
v -0.2 1.2 -0.1
v -0.2 1.3 0
v -0.2 1.3 -0.1
v -0.2 2.4 1.1
v -0.2 2.4 1
v -0.2 2.5 1.1
v -0.2 2.5 1
v -0.1 0 -0.3
v -0.1 0 -0.7
v -0.1 0.1 -0.4
v -0.1 0.1 -0.6
v -0.1 0.2 -0.6
v -0.1 0.2 -0.7
v -0.1 0.5 -0.3
v -0.1 0.6 -0.3
v -0.1 0.6 -0.4
v -0.1 1 1
v -0.1 1 0.9
v -0.1 1.1 1
v -0.1 1.1 0.9
v -0.1 1.1 -0.8
v -0.1 1.1 -0.9
v -0.1 1.2 -0.7
v -0.1 1.2 -0.8
v -0.1 1.2 -0.9
v -0.1 1.3 -0.7
v -0.1 1.3 -0.8
v -0.1 2.1 1.1
v -0.1 2.1 1
v -0.1 2.2 1.1
v -0.1 2.2 1
v 0 0 1
v 0 0 0.7
v 0 0.1 1
v 0 0.1 0.9
v 0 0.1 0.7
v 0 0.1 -0.4
v 0 0.1 -0.6
v 0 0.2 -0.6
v 0 0.2 -0.7
v 0 0.4 -0.7
v 0 0.4 -0.8
v 0 0.4 -0.9
v 0 0.5 -0.2
v 0 0.5 -0.3
v 0 0.5 -0.5
v 0 0.5 -0.8
v 0 0.5 -0.9
v 0 0.6 -0.2
v 0 0.6 -0.3
v 0 0.6 -0.4
v 0 0.6 -0.5
v 0 0.6 -0.8
v 0 0.7 0.8
v 0 0.7 0.7
v 0 0.7 -0.2
v 0 0.7 -0.3
v 0 0.7 -0.4
v 0 0.8 1
v 0 0.8 0.9
v 0 0.8 -0.2
v 0 0.8 -0.4
v 0 0.9 1
v 0 0.9 0.9
v 0 0.9 0.8
v 0 1.1 -0.7
v 0 1.1 -0.8
v 0 1.1 -0.9
v 0 1.2 -0.1
v 0 1.2 -0.7
v 0 1.2 -0.8
v 0 1.3 -0.1
v 0 1.3 -0.7
v 0 2 1.1
v 0 2 1
v 0 2.1 1.1
v 0 2.1 1
v 0.1 0.5 -0.5
v 0.1 0.5 -0.8
v 0.1 0.6 -0.4
v 0.1 0.6 -0.5
v 0.1 0.6 -0.8
v 0.1 0.7 -0.1
v 0.1 0.7 -0.2
v 0.1 0.7 -0.4
v 0.1 0.7 -0.5
v 0.1 0.8 -0.1
v 0.1 0.8 -0.2
v 0.1 0.8 -0.4
v 0.1 0.9 1
v 0.1 0.9 0.9
v 0.1 0.9 -0.2
v 0.1 0.9 -0.3
v 0.1 1 1
v 0.1 1 0.9
v 0.1 1.1 1
v 0.1 1.1 0.9
v 0.1 1.1 -0.7
v 0.1 1.1 -0.8
v 0.1 1.2 1
v 0.1 1.2 0.9
v 0.1 1.2 -0.3
v 0.1 1.2 -0.7
v 0.2 0.7 0.2
v 0.2 0.7 -0.1
v 0.2 0.8 0.2
v 0.2 0.8 -0.1
v 0.2 0.8 -0.2
v 0.2 0.9 -0.1
v 0.2 0.9 -0.2
v 0.2 0.9 -0.3
v 0.2 1.1 -0.1
v 0.2 1.1 -0.2
v 0.2 1.2 -0.1
v 0.2 1.2 -0.3
v 0.2 2.2 1.3
v 0.2 2.2 1.2
v 0.2 2.4 1.3
v 0.2 2.4 1.2
v 0.3 0.8 0.9
v 0.3 0.8 0.8
v 0.3 0.8 0
v 0.3 0.8 -0.1
v 0.3 0.9 0.9
v 0.3 0.9 0.8
v 0.3 0.9 0
v 0.3 0.9 -0.1
v 0.3 0.9 -0.2
v 0.3 1.1 0
v 0.3 1.1 -0.1
v 0.3 1.1 -0.2
v 0.3 1.2 0
v 0.3 1.2 -0.1
v 0.3 1.3 0.9
v 0.3 1.3 0.8
v 0.3 1.3 0.6
v 0.3 1.4 0.9
v 0.3 1.4 0.6
v 0.3 2.1 -0.9
v 0.3 2.1 -1
v 0.3 2.2 1.2
v 0.3 2.2 1.1
v 0.3 2.2 -0.9
v 0.3 2.2 -1
v 0.3 2.3 1.1
v 0.3 2.3 1
v 0.3 2.4 1.3
v 0.3 2.4 1.2
v 0.3 2.4 1
v 0.3 2.6 1.3
v 0.3 2.6 1.2
v 0.4 0.8 0.0999999
v 0.4 0.8 0
v 0.4 0.9 0.0999999
v 0.4 0.9 0
v 0.4 0.9 -0.1
v 0.4 1.1 1
v 0.4 1.1 0.9
v 0.4 1.1 0.0999999
v 0.4 1.1 0
v 0.4 1.1 -0.1
v 0.4 1.2 1
v 0.4 1.2 0.9
v 0.4 1.2 0.0999999
v 0.4 1.2 0
v 0.4 1.4 0.2
v 0.4 1.4 0.0999999
v 0.4 1.5 0.2
v 0.4 1.5 0.0999999
v 0.4 1.7 -1.1
v 0.4 1.7 -1.2
v 0.4 1.8 -1
v 0.4 1.8 -1.1
v 0.4 1.8 -1.2
v 0.4 1.9 -1
v 0.4 1.9 -1.1
v 0.4 2 -0.9
v 0.4 2 -1
v 0.4 2.1 -0.9
v 0.4 2.1 -1
v 0.4 2.7 -0.4
v 0.4 2.7 -0.6
v 0.4 2.8 -0.4
v 0.4 2.8 -0.6
v 0.5 0.3 -0.8
v 0.5 0.3 -0.9
v 0.5 0.4 -0.8
v 0.5 0.4 -0.9
v 0.5 0.7 0.5
v 0.5 0.7 0.3
v 0.5 0.7 0.2
v 0.5 0.8 0.5
v 0.5 0.8 0.3
v 0.5 0.8 0.2
v 0.5 0.8 0.0999999
v 0.5 0.9 0.0999999
v 0.5 0.9 0
v 0.5 1.1 0.0999999
v 0.5 1.1 0
v 0.5 1.2 0.4
v 0.5 1.2 0.3
v 0.5 1.2 0.2
v 0.5 1.2 0.0999999
v 0.5 1.3 0.4
v 0.5 1.3 0.3
v 0.5 2.4 -0.7
v 0.5 2.4 -0.9
v 0.5 2.5 -0.6
v 0.5 2.5 -0.7
v 0.5 2.6 -0.5
v 0.5 2.6 -0.6
v 0.5 2.6 -0.8
v 0.5 2.6 -0.9
v 0.5 2.7 -0.5
v 0.5 2.7 -0.8
v 0.5 3 0.7
v 0.5 3 -0.1
v 0.5 3.1 0.7
v 0.5 3.1 -0.1
v 0.6 0.2 -0.9
v 0.6 0.2 -1.2
v 0.6 0.3 -0.9
v 0.6 0.3 -1.2
v 0.6 0.4 -1.3
v 0.6 0.4 -1.4
v 0.6 0.5 -1.4
v 0.6 0.5 -1.5
v 0.6 0.6 -1.3
v 0.6 0.6 -1.4
v 0.6 0.7 0.7
v 0.6 0.7 0.5
v 0.6 0.7 -1.4
v 0.6 0.7 -1.5
v 0.6 0.8 0.7
v 0.6 0.8 0.5
v 0.6 0.8 0.4
v 0.6 0.8 0.2
v 0.6 1.2 0.9
v 0.6 1.2 0.8
v 0.6 1.2 0.5
v 0.6 1.2 0.4
v 0.6 1.2 0.2
v 0.6 1.2 -1.4
v 0.6 1.2 -1.5
v 0.6 1.3 0.9
v 0.6 1.3 0.8
v 0.6 1.3 0.5
v 0.6 1.3 0.4
v 0.6 1.3 -1.3
v 0.6 1.3 -1.4
v 0.6 1.4 -1.4
v 0.6 1.4 -1.5
v 0.6 1.5 -1.3
v 0.6 1.5 -1.4
v 0.6 2.2 1.1
v 0.6 2.2 1
v 0.6 2.3 1.1
v 0.6 2.3 1
v 0.6 2.5 1.3
v 0.6 2.5 1.2
v 0.6 2.5 -0.5
v 0.6 2.5 -0.6
v 0.6 2.6 1.3
v 0.6 2.6 1.2
v 0.6 2.6 -0.5
v 0.6 2.6 -0.6
v 0.6 2.9 0.8
v 0.6 2.9 -0.2
v 0.6 3 0.8
v 0.6 3 -0.2
v 0.7 0 1
v 0.7 0 0.7
v 0.7 0.1 1
v 0.7 0.1 0.9
v 0.7 0.1 0.7
v 0.7 0.3 -0.9
v 0.7 0.3 -1.1
v 0.7 0.3 -1.2
v 0.7 0.3 -1.3
v 0.7 0.4 -0.8
v 0.7 0.4 -0.9
v 0.7 0.4 -1.1
v 0.7 0.5 -0.8
v 0.7 0.5 -0.9
v 0.7 0.5 -1.2
v 0.7 0.5 -1.3
v 0.7 0.8 0.9
v 0.7 0.8 0.7
v 0.7 0.8 0.6
v 0.7 0.8 0.4
v 0.7 1 1
v 0.7 1 0.9
v 0.7 1.1 1
v 0.7 1.1 0.9
v 0.7 1.1 0.8
v 0.7 1.2 0.9
v 0.7 1.2 0.8
v 0.7 1.2 0.6
v 0.7 1.2 0.5
v 0.7 1.2 0.4
v 0.7 1.3 0.8
v 0.7 1.3 0.5
v 0.7 1.4 -1.2
v 0.7 1.4 -1.3
v 0.7 1.6 -1
v 0.7 1.6 -1.2
v 0.7 1.6 -1.3
v 0.7 1.7 -1.1
v 0.7 1.7 -1.2
v 0.7 1.8 -1
v 0.7 1.8 -1.1
v 0.7 2 1.1
v 0.7 2 1
v 0.7 2.1 1.1
v 0.7 2.1 1
v 0.7 2.2 1.1
v 0.7 2.2 1
v 0.7 2.2 -0.8
v 0.7 2.2 -0.9
v 0.7 2.3 -0.8
v 0.7 2.3 -0.9
v 0.7 2.4 1.3
v 0.7 2.4 1.2
v 0.7 2.4 -0.6
v 0.7 2.4 -0.7
v 0.7 2.4 -0.8
v 0.7 2.4 -0.9
v 0.7 2.5 1.3
v 0.7 2.5 1.2
v 0.7 2.5 1.1
v 0.7 2.5 -0.4
v 0.7 2.5 -0.5
v 0.7 2.5 -0.6
v 0.7 2.5 -0.7
v 0.7 2.6 1.2
v 0.7 2.6 1.1
v 0.7 2.6 -0.3
v 0.7 2.6 -0.4
v 0.7 2.7 -0.2
v 0.7 2.7 -0.3
v 0.7 2.7 -0.4
v 0.7 2.7 -0.5
v 0.7 2.8 1.2
v 0.7 2.8 1.1
v 0.7 2.8 -0.3
v 0.7 2.8 -0.4
v 0.7 2.9 -0.2
v 0.7 2.9 -0.3
v 0.8 0.3 -1.1
v 0.8 0.3 -1.2
v 0.8 0.4 -0.9
v 0.8 0.4 -1.1
v 0.8 0.5 -0.9
v 0.8 0.5 -1.2
v 0.8 0.5 -1.3
v 0.8 0.6 -1.2
v 0.8 0.6 -1.3
v 0.8 0.8 1
v 0.8 0.8 0.6
v 0.8 1 1
v 0.8 1 0.9
v 0.8 1.1 0.9
v 0.8 1.1 0.8
v 0.8 1.2 0.8
v 0.8 1.2 0.6
v 0.8 1.5 -1
v 0.8 1.5 -1.2
v 0.8 1.6 -1
v 0.8 1.6 -1.2
v 0.8 2 1
v 0.8 2 0.8
v 0.8 2 -0.8
v 0.8 2 -0.9
v 0.8 2.2 1.3
v 0.8 2.2 1.2
v 0.8 2.2 0.9
v 0.8 2.2 0.8
v 0.8 2.2 -0.8
v 0.8 2.2 -0.9
v 0.8 2.3 1.2
v 0.8 2.3 1.1
v 0.8 2.3 1
v 0.8 2.3 0.9
v 0.8 2.4 1.3
v 0.8 2.4 1.2
v 0.8 2.4 1.1
v 0.8 2.4 1
v 0.8 2.4 0.9
v 0.8 2.4 -0.5
v 0.8 2.4 -0.6
v 0.8 2.5 1
v 0.8 2.5 0.9
v 0.8 2.5 -0.2
v 0.8 2.5 -0.3
v 0.8 2.5 -0.4
v 0.8 2.5 -0.5
v 0.8 2.5 -0.6
v 0.8 2.6 -0.1
v 0.8 2.6 -0.2
v 0.8 2.6 -0.3
v 0.8 2.6 -0.4
v 0.8 2.7 0
v 0.8 2.7 -0.1
v 0.8 2.7 -0.2
v 0.8 2.7 -0.3
v 0.8 2.9 0
v 0.8 2.9 -0.2
v 0.9 0.5 -0.8
v 0.9 0.5 -0.9
v 0.9 0.7 -0.8
v 0.9 0.7 -0.9
v 0.9 0.7 -1.4
v 0.9 0.7 -1.5
v 0.9 1.1 -1.3
v 0.9 1.1 -1.4
v 0.9 1.2 -1.2
v 0.9 1.2 -1.3
v 0.9 1.2 -1.4
v 0.9 1.2 -1.5
v 0.9 1.3 -1.3
v 0.9 1.3 -1.4
v 0.9 1.4 -1.2
v 0.9 1.4 -1.3
v 0.9 2.4 -0.4
v 0.9 2.4 -0.5
v 0.9 2.5 -0.1
v 0.9 2.5 -0.2
v 0.9 2.5 -0.4
v 0.9 2.5 -0.5
v 0.9 2.6 0.0999999
v 0.9 2.6 -0.1
v 0.9 2.6 -0.2
v 0.9 2.7 0
v 0.9 2.7 -0.1
v 0.9 2.8 0.9
v 0.9 2.8 0.0999999
v 0.9 2.9 0.9
v 0.9 2.9 0
v 1 0.5 -0.9
v 1 0.5 -1.2
v 1 0.6 -1.1
v 1 0.6 -1.2
v 1 0.6 -1.3
v 1 0.6 -1.4
v 1 0.7 -0.8
v 1 0.7 -0.9
v 1 0.7 -1.1
v 1 0.8 -0.8
v 1 0.8 -0.9
v 1 1.1 -1.3
v 1 1.1 -1.4
v 1 1.3 -1
v 1 1.3 -1.2
v 1 1.4 1.2
v 1 1.4 0.9
v 1 1.5 1.3
v 1 1.5 1.2
v 1 1.5 0.9
v 1 1.5 -1
v 1 1.5 -1.2
v 1 1.7 1.3
v 1 1.7 1.2
v 1 1.9 -0.9
v 1 1.9 -1
v 1 2 -0.9
v 1 2 -1
v 1 2.3 -0.7
v 1 2.3 -0.8
v 1 2.4 -0.2
v 1 2.4 -0.4
v 1 2.4 -0.7
v 1 2.4 -0.8
v 1 2.5 1.3
v 1 2.5 1.2
v 1 2.5 1.1
v 1 2.5 0
v 1 2.5 -0.1
v 1 2.5 -0.2
v 1 2.5 -0.4
v 1 2.6 1.3
v 1 2.6 1.1
v 1 2.6 0.8
v 1 2.6 0.5
v 1 2.6 0
v 1 2.6 -0.1
v 1 2.7 1.1
v 1 2.7 0.8
v 1 2.7 0.5
v 1 2.7 0.0999999
v 1 2.8 1.1
v 1 2.8 0.0999999
v 1.1 0.6 -1.1
v 1.1 0.6 -1.3
v 1.1 0.7 -1.1
v 1.1 0.7 -1.2
v 1.1 1.2 -1.2
v 1.1 1.2 -1.3
v 1.1 1.4 0.8
v 1.1 1.4 0.5
v 1.1 1.5 0.8
v 1.1 1.5 0.5
v 1.1 1.8 -0.9
v 1.1 1.8 -1
v 1.1 1.9 -0.8
v 1.1 1.9 -0.9
v 1.1 1.9 -1
v 1.1 2 -0.8
v 1.1 2 -0.9
v 1.1 2.1 -0.7
v 1.1 2.1 -0.8
v 1.1 2.2 -0.6
v 1.1 2.2 -0.7
v 1.1 2.3 -0.7
v 1.1 2.3 -0.8
v 1.1 2.4 0
v 1.1 2.4 -0.2
v 1.1 2.4 -0.6
v 1.1 2.4 -0.7
v 1.1 2.5 1.1
v 1.1 2.5 0
v 1.1 2.5 -0.2
v 1.1 2.6 1.3
v 1.1 2.6 1.1
v 1.1 2.6 0.8
v 1.1 2.6 0.5
v 1.1 2.6 0.0999999
v 1.1 2.6 0
v 1.1 2.7 1.2
v 1.1 2.7 0.8
v 1.1 2.7 0.5
v 1.1 2.7 0.0999999
v 1.1 2.8 1.3
v 1.1 2.8 1.2
v 1.2 1 1.2
v 1.2 1 0.8
v 1.2 1 -1.1
v 1.2 1 -1.2
v 1.2 1.2 1.2
v 1.2 1.2 0.8
v 1.2 1.2 -0.9
v 1.2 1.2 -1.1
v 1.2 1.3 -1
v 1.2 1.3 -1.2
v 1.2 1.4 1.3
v 1.2 1.4 1.2
v 1.2 1.6 -0.4
v 1.2 1.6 -0.9
v 1.2 1.8 -0.3
v 1.2 1.8 -0.4
v 1.2 1.8 -0.9
v 1.2 1.8 -1
v 1.2 1.9 -0.8
v 1.2 1.9 -0.9
v 1.2 2 -0.2
v 1.2 2 -0.3
v 1.2 2.1 -0.1
v 1.2 2.1 -0.2
v 1.2 2.1 -0.7
v 1.2 2.1 -0.8
v 1.2 2.2 0
v 1.2 2.2 -0.1
v 1.2 2.2 -0.6
v 1.2 2.2 -0.7
v 1.2 2.3 0.2
v 1.2 2.3 0
v 1.2 2.4 1.3
v 1.2 2.4 1.2
v 1.2 2.4 0.2
v 1.2 2.4 0
v 1.2 2.4 -0.6
v 1.2 2.5 1.2
v 1.2 2.5 0
v 1.3 0.7 -0.9
v 1.3 0.7 -1.2
v 1.3 0.8 0.3
v 1.3 0.8 -0.9
v 1.3 0.9 0.5
v 1.3 0.9 0.3
v 1.3 1 -1.1
v 1.3 1 -1.2
v 1.3 1.2 1.2
v 1.3 1.2 0.8
v 1.3 1.2 -0.9
v 1.3 1.2 -1.1
v 1.3 1.5 0.8
v 1.3 1.5 0.5
v 1.3 1.6 -0.4
v 1.3 1.6 -0.9
v 1.3 1.8 -0.3
v 1.3 1.8 -0.4
v 1.3 2 -0.2
v 1.3 2 -0.3
v 1.3 2.1 -0.1
v 1.3 2.1 -0.2
v 1.3 2.2 0
v 1.3 2.2 -0.1
v 1.3 2.3 0.2
v 1.3 2.3 0
v 1.3 2.4 1.2
v 1.3 2.4 0.2
v -0.5 1.5 1.3
v -0.5 1.8 1.3
v -0.4 1.4 1.3
v -0.4 1.5 1.3
v -0.3 1.4 1.3
v -0.3 1.5 1.3
v -0.3 1.8 1.3
v -0.3 2.5 1.3
v -0.3 2.6 1.3
v -0.1 2.4 1.3
v -0.1 2.5 1.3
v 0 1.5 1.3
v 0 1.7 1.3
v 0 2.2 1.3
v 0 2.4 1.3
v 0.1 1.7 1.3
v 0.1 1.8 1.3
v 0.2 1.5 1.3
v 0.2 1.6 1.3
v 0.2 1.7 1.3
v 0.2 1.8 1.3
v 0.2 2.2 1.3
v 0.2 2.4 1.3
v 0.3 1.6 1.3
v 0.3 1.7 1.3
v 0.3 1.8 1.3
v 0.3 2.4 1.3
v 0.3 2.6 1.3
v 0.4 1.7 1.3
v 0.4 1.8 1.3
v 0.4 2.4 1.3
v 0.4 2.6 1.3
v 0.5 2.2 1.3
v 0.5 2.4 1.3
v 0.6 1.5 1.3
v 0.6 1.8 1.3
v 0.6 2.5 1.3
v 0.6 2.6 1.3
v 0.7 2.4 1.3
v 0.7 2.5 1.3
v 0.8 2.2 1.3
v 0.8 2.4 1.3
v 0.8 2.5 1.3
v 0.8 2.6 1.3
v 0.9 2.6 1.3
v 0.9 2.7 1.3
v 1 1.5 1.3
v 1 1.7 1.3
v 1 1.8 1.3
v 1 2.4 1.3
v 1 2.5 1.3
v 1 2.6 1.3
v 1 2.7 1.3
v 1 2.8 1.3
v 1.1 1.4 1.3
v 1.1 1.7 1.3
v 1.1 2.6 1.3
v 1.1 2.8 1.3
v 1.2 1.4 1.3
v 1.2 2.4 1.3
v -0.6 1.4 1.2
v -0.6 1.8 1.2
v -0.6 2.1 1.2
v -0.6 2.5 1.2
v -0.5 1.5 1.2
v -0.5 1.8 1.2
v -0.5 1.9 1.2
v -0.5 2.1 1.2
v -0.5 2.2 1.2
v -0.5 2.5 1.2
v -0.5 2.6 1.2
v -0.4 1.4 1.2
v -0.4 1.5 1.2
v -0.4 2.2 1.2
v -0.4 2.4 1.2
v -0.4 2.6 1.2
v -0.4 2.8 1.2
v -0.3 1.4 1.2
v -0.3 1.5 1.2
v -0.3 1.8 1.2
v -0.3 1.9 1.2
v -0.3 2.4 1.2
v -0.3 2.5 1.2
v -0.3 2.6 1.2
v -0.1 2.2 1.2
v -0.1 2.4 1.2
v 0 1.5 1.2
v 0 2.2 1.2
v 0 2.4 1.2
v 0.2 1.5 1.2
v 0.2 2.2 1.2
v 0.2 2.4 1.2
v 0.3 2.2 1.2
v 0.3 2.4 1.2
v 0.3 2.6 1.2
v 0.4 2.4 1.2
v 0.4 2.6 1.2
v 0.6 1.5 1.2
v 0.6 2.5 1.2
v 0.6 2.6 1.2
v 0.7 1.4 1.2
v 0.7 1.5 1.2
v 0.7 2.4 1.2
v 0.7 2.5 1.2
v 0.7 2.6 1.2
v 0.7 2.8 1.2
v 0.8 2.4 1.2
v 0.8 2.5 1.2
v 0.9 1.8 1.2
v 0.9 2.4 1.2
v 1 1 1.2
v 1 1.1 1.2
v 1 1.4 1.2
v 1 1.5 1.2
v 1 1.7 1.2
v 1 1.8 1.2
v 1 2.4 1.2
v 1 2.5 1.2
v 1.1 1.1 1.2
v 1.1 1.4 1.2
v 1.1 1.5 1.2
v 1.1 1.7 1.2
v 1.2 1 1.2
v 1.2 1.2 1.2
v 1.2 1.4 1.2
v 1.2 2.4 1.2
v 1.2 2.5 1.2
v 1.3 1.2 1.2
v 1.3 2.4 1.2
v -0.8 2.5 1.1
v -0.8 2.7 1.1
v -0.7 1.5 1.1
v -0.7 1.8 1.1
v -0.7 2.5 1.1
v -0.7 2.6 1.1
v -0.6 1.5 1.1
v -0.6 1.8 1.1
v -0.6 1.9 1.1
v -0.6 2 1.1
v -0.6 2.5 1.1
v -0.6 2.7 1.1
v -0.6 2.8 1.1
v -0.5 1.8 1.1
v -0.5 1.9 1.1
v -0.5 2.1 1.1
v -0.5 2.2 1.1
v -0.5 2.5 1.1
v -0.5 2.6 1.1
v -0.4 1.9 1.1
v -0.4 2 1.1
v -0.4 2.1 1.1
v -0.4 2.2 1.1
v -0.4 2.4 1.1
v -0.4 2.6 1.1
v -0.4 2.8 1.1
v -0.3 1.8 1.1
v -0.3 1.9 1.1
v -0.3 2 1.1
v -0.3 2.1 1.1
v -0.3 2.2 1.1
v -0.3 2.4 1.1
v -0.3 2.5 1.1
v -0.2 2 1.1
v -0.2 2.2 1.1
v -0.2 2.4 1.1
v -0.2 2.5 1.1
v -0.1 1.9 1.1
v -0.1 2 1.1
v -0.1 2.1 1.1
v -0.1 2.2 1.1
v 0 2 1.1
v 0 2.1 1.1
v 0.3 1.9 1.1
v 0.3 2 1.1
v 0.3 2.2 1.1
v 0.4 1.9 1.1
v 0.4 2 1.1
v 0.4 2.1 1.1
v 0.4 2.2 1.1
v 0.4 2.3 1.1
v 0.5 2 1.1
v 0.5 2.1 1.1
v 0.5 2.3 1.1
v 0.6 2.2 1.1
v 0.6 2.3 1.1
v 0.7 1.8 1.1
v 0.7 1.9 1.1
v 0.7 2 1.1
v 0.7 2.1 1.1
v 0.7 2.2 1.1
v 0.7 2.5 1.1
v 0.7 2.6 1.1
v 0.7 2.8 1.1
v 0.8 2.5 1.1
v 0.8 2.6 1.1
v 0.9 1.8 1.1
v 0.9 1.9 1.1
v 0.9 2 1.1
v 0.9 2.6 1.1
v 0.9 2.7 1.1
v 1 1.1 1.1
v 1 1.2 1.1
v 1 2.5 1.1
v 1 2.6 1.1
v 1 2.7 1.1
v 1 2.8 1.1
v 1.1 1.1 1.1
v 1.1 1.2 1.1
v 1.1 2.5 1.1
v 1.1 2.6 1.1
v -0.9 1.3 1
v -0.9 2.4 1
v -0.9 2.6 1
v -0.8 1.1 1
v -0.8 1.3 1
v -0.8 2.4 1
v -0.8 2.5 1
v -0.8 2.6 1
v -0.7 1.5 1
v -0.7 1.8 1
v -0.7 2.5 1
v -0.7 2.7 1
v -0.7 2.8 1
v -0.6 1.1 1
v -0.6 1.4 1
v -0.6 1.5 1
v -0.6 1.8 1
v -0.6 1.9 1
v -0.6 2 1
v -0.6 2.1 1
v -0.6 2.5 1
v -0.6 2.7 1
v -0.6 2.8 1
v -0.4 0.8 1
v -0.4 1 1
v -0.4 2 1
v -0.4 2.1 1
v -0.4 2.2 1
v -0.3 0 1
v -0.3 0.1 1
v -0.3 1 1
v -0.3 1.1 1
v -0.3 2.1 1
v -0.3 2.2 1
v -0.3 2.4 1
v -0.2 2.2 1
v -0.2 2.4 1
v -0.2 2.5 1
v -0.1 1 1
v -0.1 1.1 1
v -0.1 2.1 1
v -0.1 2.2 1
v -0.1 2.3 1
v -0.1 2.5 1
v 0 0 1
v 0 0.1 1
v 0 0.8 1
v 0 0.9 1
v 0 1 1
v 0 1.2 1
v 0 2 1
v 0 2.1 1
v 0.1 0.9 1
v 0.1 1 1
v 0.1 1.1 1
v 0.1 1.2 1
v 0.3 0.9 1
v 0.3 1 1
v 0.3 1.1 1
v 0.3 1.2 1
v 0.3 2 1
v 0.3 2.2 1
v 0.3 2.3 1
v 0.3 2.4 1
v 0.4 0 1
v 0.4 0.1 1
v 0.4 0.8 1
v 0.4 0.9 1
v 0.4 1.1 1
v 0.4 1.2 1
v 0.4 2.2 1
v 0.4 2.3 1
v 0.5 2.3 1
v 0.6 2.2 1
v 0.6 2.3 1
v 0.7 0 1
v 0.7 0.1 1
v 0.7 1 1
v 0.7 1.1 1
v 0.7 2 1
v 0.7 2.1 1
v 0.7 2.2 1
v 0.8 0.8 1
v 0.8 1 1
v 0.8 2 1
v 0.8 2.3 1
v 0.8 2.4 1
v -0.6 2.8 0.9
v -0.6 2.9 0.9
v -0.4 1 0.9
v -0.4 1.2 0.9
v -0.3 0.1 0.9
v -0.3 0.8 0.9
v -0.3 1 0.9
v -0.3 1.1 0.9
v -0.3 1.2 0.9
v -0.3 1.3 0.9
v -0.2 1.2 0.9
v -0.2 1.3 0.9
v -0.1 1 0.9
v -0.1 1.1 0.9
v -0.1 1.2 0.9
v 0 0.1 0.9
v 0 0.8 0.9
v 0 1 0.9
v 0 1.2 0.9
v 0 1.3 0.9
v 0 1.4 0.9
v 0.1 0.8 0.9
v 0.1 0.9 0.9
v 0.1 1 0.9
v 0.1 1.1 0.9
v 0.1 1.2 0.9
v 0.3 0.8 0.9
v 0.3 0.9 0.9
v 0.3 1 0.9
v 0.3 1.1 0.9
v 0.3 1.2 0.9
v 0.3 1.3 0.9
v 0.3 1.4 0.9
v 0.4 0.1 0.9
v 0.4 0.8 0.9
v 0.4 1.1 0.9
v 0.4 1.2 0.9
v 0.5 1.2 0.9
v 0.5 1.3 0.9
v 0.6 1.2 0.9
v 0.6 1.3 0.9
v 0.7 0.1 0.9
v 0.7 0.8 0.9
v 0.7 1 0.9
v 0.7 1.1 0.9
v 0.7 1.2 0.9
v 0.8 1 0.9
v 0.8 1.1 0.9
v 0.8 2.2 0.9
v 0.8 2.3 0.9
v 0.8 2.4 0.9
v 0.8 2.5 0.9
v 0.9 2.2 0.9
v 0.9 2.5 0.9
v 0.9 2.8 0.9
v 0.9 2.9 0.9
v 1 1.4 0.9
v 1 1.5 0.9
v 1.1 1.4 0.9
v 1.1 1.5 0.9
v -1 2.3 0.8
v -1 2.4 0.8
v -0.9 2.3 0.8
v -0.9 2.4 0.8
v -0.5 0.8 0.8
v -0.5 1.2 0.8
v -0.5 2.9 0.8
v -0.5 3 0.8
v -0.4 0.8 0.8
v -0.4 1.2 0.8
v -0.4 1.3 0.8
v -0.3 1.2 0.8
v -0.3 1.3 0.8
v 0 0.7 0.8
v 0 0.9 0.8
v 0.1 0.8 0.8
v 0.1 0.9 0.8
v 0.3 0.8 0.8
v 0.3 0.9 0.8
v 0.4 0.7 0.8
v 0.4 0.9 0.8
v 0.6 1.2 0.8
v 0.6 1.3 0.8
v 0.6 2.9 0.8
v 0.6 3 0.8
v 0.7 1.1 0.8
v 0.7 1.2 0.8
v 0.7 1.3 0.8
v 0.8 1.1 0.8
v 0.8 1.2 0.8
v 0.8 2 0.8
v 0.8 2.2 0.8
v 0.9 2 0.8
v 0.9 2.2 0.8
v -1 2.2 0.7
v -1 2.3 0.7
v -0.9 2.2 0.7
v -0.9 2.3 0.7
v -0.4 0.7 0.7
v -0.4 0.8 0.7
v -0.4 3 0.7
v -0.4 3.1 0.7
v -0.3 0.7 0.7
v -0.3 0.8 0.7
v 0.5 3 0.7
v 0.5 3.1 0.7
v -0.6 0.8 0.6
v -0.6 0.9 0.6
v -0.6 1 0.6
v -0.6 1.1 0.6
v -0.6 1.2 0.6
v -0.5 0.8 0.6
v -0.5 0.9 0.6
v -0.5 1 0.6
v -0.5 1.1 0.6
v -0.5 1.2 0.6
v -0.9 1.3 0.5
v -0.9 1.9 0.5
v -0.8 1.3 0.5
v -0.8 1.9 0.5
v -0.7 0.8 0.5
v -0.7 1.2 0.5
v -0.6 0.7 0.5
v -0.6 0.8 0.5
v -0.6 0.9 0.5
v -0.6 1 0.5
v -0.6 1.1 0.5
v -0.6 1.2 0.5
v -0.6 1.3 0.5
v -0.5 0.7 0.5
v -0.5 0.8 0.5
v -0.5 0.9 0.5
v -0.5 1 0.5
v -0.5 1.1 0.5
v -0.5 1.2 0.5
v -0.5 1.3 0.5
v -0.4 0.8 0.5
v -0.4 0.9 0.5
v -0.4 1.2 0.5
v -0.4 1.3 0.5
v -0.3 0.8 0.5
v -0.3 1.3 0.5
v 1 0.9 0.5
v 1 1.4 0.5
v 1 2.6 0.5
v 1 2.7 0.5
v 1.1 1.4 0.5
v 1.1 1.5 0.5
v 1.1 2.6 0.5
v 1.1 2.7 0.5
v 1.3 0.9 0.5
v 1.3 1.5 0.5
v -0.9 1.9 0.4
v -0.9 2 0.4
v -0.8 0.7 0.4
v -0.8 0.8 0.4
v -0.8 0.9 0.4
v -0.8 1 0.4
v -0.8 1.1 0.4
v -0.8 1.2 0.4
v -0.8 1.9 0.4
v -0.8 2 0.4
v -0.7 0.6 0.4
v -0.7 0.7 0.4
v -0.7 0.8 0.4
v -0.7 0.9 0.4
v -0.7 1 0.4
v -0.7 1.1 0.4
v -0.7 1.2 0.4
v -0.7 1.3 0.4
v -0.6 0.6 0.4
v -0.6 0.7 0.4
v -0.6 0.8 0.4
v -0.6 1.2 0.4
v -0.6 1.3 0.4
v -0.5 0.8 0.4
v -0.5 0.9 0.4
v -0.4 0.8 0.4
v -0.4 0.9 0.4
v -0.9 0.9 0.3
v -0.9 1.2 0.3
v -0.9 2 0.3
v -0.9 2.1 0.3
v -0.8 0.5 0.3
v -0.8 0.6 0.3
v -0.8 0.7 0.3
v -0.8 0.9 0.3
v -0.8 1 0.3
v -0.8 1.1 0.3
v -0.8 1.2 0.3
v -0.8 2 0.3
v -0.8 2.1 0.3
v -0.7 0.1 0.3
v -0.7 0.5 0.3
v -0.7 0.6 0.3
v -0.7 0.7 0.3
v -0.6 0.6 0.3
v -0.6 0.7 0.3
v -0.6 0.8 0.3
v -0.6 0.9 0.3
v -0.6 1.2 0.3
v -0.6 1.3 0.3
v -0.5 0.1 0.3
v -0.5 0.7 0.3
v -0.5 0.8 0.3
v -0.5 0.9 0.3
v -0.5 1.2 0.3
v -0.5 1.3 0.3
v -0.4 0.7 0.3
v -0.4 0.8 0.3
v -0.3 0.7 0.3
v -0.3 0.8 0.3
v 1 0.8 0.3
v 1 0.9 0.3
v 1.3 0.8 0.3
v 1.3 0.9 0.3
v -1 0.8 0.2
v -1 1.2 0.2
v -1 1.3 0.2
v -1 2.1 0.2
v -0.9 0.5 0.2
v -0.9 0.6 0.2
v -0.9 0.8 0.2
v -0.9 0.9 0.2
v -0.9 1.2 0.2
v -0.9 1.3 0.2
v -0.9 2.1 0.2
v -0.9 2.2 0.2
v -0.8 0 0.2
v -0.8 0.5 0.2
v -0.8 0.6 0.2
v -0.8 0.9 0.2
v -0.8 1.3 0.2
v -0.8 2.1 0.2
v -0.8 2.2 0.2
v -0.7 0.1 0.2
v -0.7 0.5 0.2
v -0.7 1.2 0.2
v -0.7 1.3 0.2
v -0.5 0 0.2
v -0.5 0.1 0.2
v -0.5 0.6 0.2
v -0.5 0.7 0.2
v -0.5 0.8 0.2
v -0.4 0.1 0.2
v -0.4 0.6 0.2
v -0.4 0.7 0.2
v -0.4 0.8 0.2
v -1.1 1.4 0.0999999
v -1.1 2 0.0999999
v -1 1.4 0.0999999
v -1 2 0.0999999
v -0.9 0 0.0999999
v -0.9 0.3 0.0999999
v -0.8 0 0.0999999
v -0.8 0.3 0.0999999
v -0.5 1.2 0.0999999
v -0.5 1.3 0.0999999
v -0.3 1.2 0.0999999
v -0.3 1.3 0.0999999
v 0.6 1.3 0.0999999
v 0.6 1.4 0.0999999
v 1 1.3 0.0999999
v 1 1.4 0.0999999
v -1.1 0 0
v -1.1 0.3 0
v -0.9 0 0
v -0.9 0.3 0
v -0.9 0.4 0
v -0.8 0.3 0
v -0.8 0.4 0
v -0.4 0.6 0
v -0.4 0.7 0
v -0.3 1.2 0
v -0.3 1.3 0
v -0.2 0.6 0
v -0.2 0.7 0
v -0.2 1.2 0
v -0.2 1.3 0
v -1.3 0 -0.1
v -1.3 0.3 -0.1
v -1.1 0 -0.1
v -1.1 0.3 -0.1
v -0.2 1.2 -0.1
v -0.2 1.3 -0.1
v 0 1.2 -0.1
v 0 1.3 -0.1
v -1.4 0 -0.2
v -1.4 0.2 -0.2
v -1.3 0 -0.2
v -1.3 0.2 -0.2
v -0.2 0.5 -0.2
v -0.2 0.6 -0.2
v -0.2 0.7 -0.2
v 0 0.5 -0.2
v 0 0.6 -0.2
v 0 0.7 -0.2
v 0.5 1.2 -0.2
v 0.5 1.5 -0.2
v 0.6 1.3 -0.2
v 0.6 1.5 -0.2
v 1 1.2 -0.2
v 1 1.3 -0.2
v -0.4 0 -0.3
v -0.4 0.6 -0.3
v -0.2 0.5 -0.3
v -0.2 0.6 -0.3
v -0.1 0 -0.3
v -0.1 0.5 -0.3
v 0.8 1.1 -0.3
v 0.8 1.2 -0.3
v 1 1.1 -0.3
v 1 1.2 -0.3
v -0.8 0.6 -0.4
v -0.8 0.7 -0.4
v -0.8 0.8 -0.4
v -0.7 0.6 -0.4
v -0.7 0.7 -0.4
v -0.7 0.8 -0.4
v -0.5 0 -0.4
v -0.5 0.2 -0.4
v -0.4 0 -0.4
v -0.4 0.2 -0.4
v -0.1 0.1 -0.4
v -0.1 0.6 -0.4
v 0 0.1 -0.4
v 0 0.6 -0.4
v 0 0.7 -0.4
v 0 0.8 -0.4
v 0.1 0.6 -0.4
v 0.1 0.7 -0.4
v 0.1 0.8 -0.4
v 0.5 1.1 -0.4
v 0.5 1.2 -0.4
v 0.5 1.4 -0.4
v 0.5 1.5 -0.4
v 0.8 1.1 -0.4
v 0.8 1.2 -0.4
v 0.8 1.4 -0.4
v 0.8 1.5 -0.4
v -0.7 0.6 -0.5
v -0.7 0.7 -0.5
v -0.7 0.8 -0.5
v -0.6 0 -0.5
v -0.6 0.2 -0.5
v -0.6 0.6 -0.5
v -0.6 0.7 -0.5
v -0.6 0.8 -0.5
v -0.5 0 -0.5
v -0.5 0.2 -0.5
v -0.5 0.3 -0.5
v -0.4 0.2 -0.5
v -0.4 0.3 -0.5
v 0 0.5 -0.5
v 0 0.6 -0.5
v 0.1 0.5 -0.5
v 0.1 0.6 -0.5
v 0.3 1.3 -0.5
v 0.3 1.5 -0.5
v 0.5 1 -0.5
v 0.5 1.1 -0.5
v 0.5 1.3 -0.5
v 0.5 1.5 -0.5
v 1 1 -0.5
v 1 1.1 -0.5
v -0.8 0 -0.6
v -0.8 0.2 -0.6
v -0.7 0.5 -0.6
v -0.7 0.6 -0.6
v -0.6 0 -0.6
v -0.6 0.2 -0.6
v -0.6 0.5 -0.6
v -0.6 0.6 -0.6
v -0.5 0.8 -0.6
v -0.5 0.9 -0.6
v -0.4 0.8 -0.6
v -0.4 0.9 -0.6
v 0.3 1.2 -0.6
v 0.3 1.3 -0.6
v 0.5 0.9 -0.6
v 0.5 1 -0.6
v 0.5 1.2 -0.6
v 0.5 1.3 -0.6
v 1 0.9 -0.6
v 1 1 -0.6
v -0.9 0 -0.7
v -0.9 0.2 -0.7
v -0.8 0 -0.7
v -0.8 0.2 -0.7
v -0.6 0.5 -0.7
v -0.6 0.6 -0.7
v -0.6 0.8 -0.7
v -0.5 0.5 -0.7
v -0.5 0.6 -0.7
v -0.5 0.8 -0.7
v 0.3 0.9 -0.7
v 0.3 1.2 -0.7
v 0.5 0.8 -0.7
v 0.5 0.9 -0.7
v 0.5 1.2 -0.7
v 1 0.8 -0.7
v 1 0.9 -0.7
v -1 0 -0.8
v -1 0.3 -0.8
v -0.9 0 -0.8
v -0.9 0.2 -0.8
v -0.9 0.3 -0.8
v -0.5 0.4 -0.8
v -0.5 0.5 -0.8
v -0.5 0.6 -0.8
v -0.5 0.8 -0.8
v -0.3 0.7 -0.8
v -0.3 0.8 -0.8
v -0.2 0.5 -0.8
v -0.2 0.7 -0.8
v -0.2 0.8 -0.8
v -0.2 0.9 -0.8
v -0.1 0.4 -0.8
v -0.1 0.5 -0.8
v -0.1 0.8 -0.8
v -0.1 0.9 -0.8
v 0.1 0.3 -0.8
v 0.1 0.5 -0.8
v 0.1 0.6 -0.8
v 0.1 1.1 -0.8
v 0.1 1.5 -0.8
v 0.3 0.9 -0.8
v 0.3 1.5 -0.8
v 0.5 0.3 -0.8
v 0.5 0.4 -0.8
v 0.5 0.8 -0.8
v 0.5 0.9 -0.8
v 0.7 0.4 -0.8
v 0.7 0.5 -0.8
v 0.9 0.5 -0.8
v 0.9 0.7 -0.8
v 1 0.7 -0.8
v 1 0.8 -0.8
v -0.9 0.2 -0.9
v -0.9 0.3 -0.9
v -0.8 0.2 -0.9
v -0.8 0.3 -0.9
v -0.6 0.2 -0.9
v -0.6 1.5 -0.9
v -0.5 0.2 -0.9
v -0.5 0.4 -0.9
v -0.5 0.5 -0.9
v -0.5 1.2 -0.9
v -0.1 1.1 -0.9
v -0.1 1.2 -0.9
v 0 0.4 -0.9
v 0 0.5 -0.9
v 0 1.1 -0.9
v 0.1 0.3 -0.9
v 0.1 1.5 -0.9
v 0.5 0.3 -0.9
v 0.5 0.4 -0.9
v 0.6 0.2 -0.9
v 0.6 0.3 -0.9
v 0.7 0.3 -0.9
v 0.7 0.4 -0.9
v 0.7 0.5 -0.9
v 0.8 0.4 -0.9
v 0.8 0.5 -0.9
v 0.9 0.5 -0.9
v 0.9 0.7 -0.9
v 1 0.5 -0.9
v 1 0.7 -0.9
v 1 0.8 -0.9
v 1.3 0.7 -0.9
v 1.3 0.8 -0.9
v -1.1 0.3 -1
v -1.1 1.4 -1
v -1 0.3 -1
v -1 1.3 -1
v -1 1.4 -1
v -0.8 0.2 -1
v -0.8 0.3 -1
v -0.8 1.3 -1
v -0.8 1.5 -1
v -0.7 0.2 -1
v -0.7 0.3 -1
v -0.6 0.2 -1
v -0.6 1.5 -1
v 0.7 0.3 -1.1
v 0.7 0.4 -1.1
v 0.8 0.3 -1.1
v 0.8 0.4 -1.1
v 1 0.6 -1.1
v 1 0.7 -1.1
v 1.1 0.6 -1.1
v 1.1 0.7 -1.1
v 0.5 2.2 1.2
v 0.5 2.3 1.2
v 0.8 2.2 1.2
v 0.8 2.3 1.2
v 1 2.7 1.2
v 1 2.8 1.2
v 1.1 2.7 1.2
v 1.1 2.8 1.2
v -0.1 2.2 1.1
v -0.1 2.3 1.1
v 0.3 2.2 1.1
v 0.3 2.3 1.1
v 0.5 2.3 1.1
v 0.5 2.4 1.1
v 0.6 2.3 1.1
v 0.8 2.3 1.1
v 0.8 2.4 1.1
v -0.6 1.4 1
v -0.6 1.5 1
v -0.5 1.4 1
v -0.5 1.5 1
v 0.8 2.4 1
v 0.8 2.5 1
v 0.9 2.4 1
v 0.9 2.5 1
v -0.8 1.1 0.8
v -0.8 1.3 0.8
v -0.6 1.1 0.8
v -0.6 1.3 0.8
v 1 1 0.8
v 1 1.2 0.8
v 1 2.6 0.8
v 1 2.7 0.8
v 1.1 1.2 0.8
v 1.1 1.4 0.8
v 1.1 1.5 0.8
v 1.1 2.6 0.8
v 1.1 2.7 0.8
v 1.2 1 0.8
v 1.2 1.2 0.8
v 1.3 1.2 0.8
v 1.3 1.5 0.8
v -0.9 1.3 0.7
v -0.9 2.2 0.7
v -0.8 1.3 0.7
v -0.8 2.2 0.7
v -0.3 0 0.7
v -0.3 0.1 0.7
v -0.3 0.7 0.7
v -0.1 0.7 0.7
v 0 0 0.7
v 0 0.1 0.7
v 0 0.7 0.7
v 0.4 0 0.7
v 0.4 0.1 0.7
v 0.4 0.7 0.7
v 0.6 0.7 0.7
v 0.6 0.8 0.7
v 0.7 0 0.7
v 0.7 0.1 0.7
v 0.7 0.8 0.7
v -0.5 0.8 0.6
v -0.5 0.9 0.6
v -0.5 1 0.6
v -0.5 1.1 0.6
v -0.5 1.2 0.6
v -0.4 0.7 0.6
v -0.4 0.8 0.6
v -0.4 1.2 0.6
v -0.4 1.3 0.6
v -0.3 0.7 0.6
v -0.3 1.3 0.6
v 0 1.3 0.6
v 0 1.4 0.6
v 0.3 1.3 0.6
v 0.3 1.4 0.6
v 0.7 0.8 0.6
v 0.7 1.2 0.6
v 0.8 0.8 0.6
v 0.8 1.2 0.6
v 0.5 0.7 0.5
v 0.5 0.8 0.5
v 0.6 0.7 0.5
v 0.6 0.8 0.5
v 0.6 1.2 0.5
v 0.6 1.3 0.5
v 0.7 1.2 0.5
v 0.7 1.3 0.5
v -0.8 1.3 0.4
v -0.8 1.5 0.4
v -0.7 1.3 0.4
v -0.6 0.7 0.4
v -0.6 0.8 0.4
v -0.6 0.9 0.4
v -0.6 1.2 0.4
v -0.6 1.3 0.4
v -0.6 1.5 0.4
v -0.5 0.7 0.4
v -0.5 0.8 0.4
v -0.5 0.9 0.4
v -0.5 1.2 0.4
v -0.5 1.3 0.4
v -0.4 1.2 0.4
v -0.4 1.3 0.4
v 0.1 1.2 0.4
v 0.1 1.3 0.4
v 0.5 1.2 0.4
v 0.5 1.3 0.4
v 0.6 0.8 0.4
v 0.6 1.2 0.4
v 0.6 1.3 0.4
v 0.7 0.8 0.4
v 0.7 1.2 0.4
v 0.1 1.2 0.3
v 0.1 1.3 0.3
v 0.5 1.2 0.3
v 0.5 1.3 0.3
v 0.2 0.7 0.2
v 0.2 0.8 0.2
v 0.4 1.4 0.2
v 0.4 1.5 0.2
v 0.5 0.7 0.2
v 0.5 0.8 0.2
v 0.5 1.2 0.2
v 0.5 1.4 0.2
v 0.5 1.5 0.2
v 0.6 0.8 0.2
v 0.6 1.2 0.2
v 1.2 2.3 0.2
v 1.2 2.4 0.2
v 1.3 2.3 0.2
v 1.3 2.4 0.2
v -0.5 1.4 0.0999999
v -0.5 1.5 0.0999999
v 0.4 0.8 0.0999999
v 0.4 0.9 0.0999999
v 0.4 1.1 0.0999999
v 0.4 1.2 0.0999999
v 0.4 1.4 0.0999999
v 0.4 1.5 0.0999999
v 0.5 0.8 0.0999999
v 0.5 0.9 0.0999999
v 0.5 1.1 0.0999999
v 0.5 1.2 0.0999999
v 0.5 1.4 0.0999999
v 0.5 1.5 0.0999999
v 0.6 1.4 0.0999999
v 0.6 1.5 0.0999999
v 0.9 2.6 0.0999999
v 0.9 2.8 0.0999999
v 1 2.6 0.0999999
v 1 2.7 0.0999999
v 1 2.8 0.0999999
v 1.1 2.6 0.0999999
v 1.1 2.7 0.0999999
v 0.3 0.8 0
v 0.3 0.9 0
v 0.3 1.1 0
v 0.3 1.2 0
v 0.4 0.8 0
v 0.4 0.9 0
v 0.4 1.1 0
v 0.4 1.2 0
v 0.5 0.9 0
v 0.5 1.1 0
v 0.8 2.7 0
v 0.8 2.9 0
v 0.9 2.7 0
v 0.9 2.9 0
v 1 2.5 0
v 1 2.6 0
v 1.1 2.4 0
v 1.1 2.5 0
v 1.1 2.6 0
v 1.2 2.2 0
v 1.2 2.3 0
v 1.2 2.4 0
v 1.2 2.5 0
v 1.3 2.2 0
v 1.3 2.3 0
v -0.5 0.1 -0.1
v -0.5 0.6 -0.1
v -0.4 0.1 -0.1
v -0.4 0.6 -0.1
v -0.4 3 -0.1
v -0.4 3.1 -0.1
v 0.1 0.7 -0.1
v 0.1 0.8 -0.1
v 0.2 0.7 -0.1
v 0.2 0.8 -0.1
v 0.2 0.9 -0.1
v 0.2 1.1 -0.1
v 0.2 1.2 -0.1
v 0.3 0.8 -0.1
v 0.3 0.9 -0.1
v 0.3 1.1 -0.1
v 0.3 1.2 -0.1
v 0.4 0.9 -0.1
v 0.4 1.1 -0.1
v 0.5 3 -0.1
v 0.5 3.1 -0.1
v 0.8 2.6 -0.1
v 0.8 2.7 -0.1
v 0.9 2.5 -0.1
v 0.9 2.6 -0.1
v 0.9 2.7 -0.1
v 1 2.5 -0.1
v 1 2.6 -0.1
v 1.2 2.1 -0.1
v 1.2 2.2 -0.1
v 1.3 2.1 -0.1
v 1.3 2.2 -0.1
v -0.8 0.4 -0.2
v -0.8 0.5 -0.2
v -0.8 0.6 -0.2
v -0.8 0.8 -0.2
v -0.7 0 -0.2
v -0.7 0.4 -0.2
v -0.7 0.8 -0.2
v -0.5 0 -0.2
v -0.5 0.6 -0.2
v -0.5 0.7 -0.2
v -0.5 0.8 -0.2
v -0.5 2.9 -0.2
v -0.5 3 -0.2
v -0.4 0.6 -0.2
v -0.4 0.7 -0.2
v 0 0.7 -0.2
v 0 0.8 -0.2
v 0.1 0.7 -0.2
v 0.1 0.8 -0.2
v 0.1 0.9 -0.2
v 0.2 0.8 -0.2
v 0.2 0.9 -0.2
v 0.2 1.1 -0.2
v 0.3 0.9 -0.2
v 0.3 1.1 -0.2
v 0.6 2.9 -0.2
v 0.6 3 -0.2
v 0.7 2.7 -0.2
v 0.7 2.9 -0.2
v 0.8 2.5 -0.2
v 0.8 2.6 -0.2
v 0.8 2.7 -0.2
v 0.8 2.9 -0.2
v 0.9 2.5 -0.2
v 0.9 2.6 -0.2
v 1 2.4 -0.2
v 1 2.5 -0.2
v 1.1 2.4 -0.2
v 1.1 2.5 -0.2
v 1.2 2 -0.2
v 1.2 2.1 -0.2
v 1.3 2 -0.2
v 1.3 2.1 -0.2
v -1 0.8 -0.3
v -1 1.2 -0.3
v -0.9 0.3 -0.3
v -0.9 0.4 -0.3
v -0.9 0.8 -0.3
v -0.9 1.2 -0.3
v -0.9 1.3 -0.3
v -0.8 0 -0.3
v -0.8 0.3 -0.3
v -0.8 1.3 -0.3
v -0.7 0 -0.3
v -0.7 0.4 -0.3
v -0.7 1.2 -0.3
v -0.7 1.3 -0.3
v -0.6 2.8 -0.3
v -0.6 2.9 -0.3
v -0.5 0.7 -0.3
v -0.5 0.8 -0.3
v -0.5 0.9 -0.3
v -0.4 0.7 -0.3
v -0.4 0.9 -0.3
v -0.1 0.5 -0.3
v -0.1 0.6 -0.3
v 0 0.5 -0.3
v 0 0.6 -0.3
v 0.1 0.9 -0.3
v 0.1 1.2 -0.3
v 0.2 0.9 -0.3
v 0.2 1.2 -0.3
v 0.5 1.4 -0.3
v 0.5 1.5 -0.3
v 0.7 2.6 -0.3
v 0.7 2.7 -0.3
v 0.7 2.8 -0.3
v 0.7 2.9 -0.3
v 0.8 1.4 -0.3
v 0.8 1.5 -0.3
v 0.8 2.6 -0.3
v 0.8 2.7 -0.3
v 1.2 1.8 -0.3
v 1.2 2 -0.3
v 1.3 1.8 -0.3
v 1.3 2 -0.3
v -1.3 0.2 -0.4
v -1.3 0.3 -0.4
v -1.1 0 -0.4
v -1.1 0.2 -0.4
v -0.9 0.5 -0.4
v -0.9 0.6 -0.4
v -0.9 1.2 -0.4
v -0.8 0 -0.4
v -0.8 0.3 -0.4
v -0.8 0.5 -0.4
v -0.8 0.6 -0.4
v -0.8 0.7 -0.4
v -0.8 1.2 -0.4
v 0.4 2.7 -0.4
v 0.4 2.8 -0.4
v 0.7 2.5 -0.4
v 0.7 2.6 -0.4
v 0.7 2.7 -0.4
v 0.7 2.8 -0.4
v 0.8 2.5 -0.4
v 0.8 2.6 -0.4
v 0.9 2.4 -0.4
v 0.9 2.5 -0.4
v 1 2.4 -0.4
v 1 2.5 -0.4
v 1.2 1.6 -0.4
v 1.2 1.8 -0.4
v 1.3 1.6 -0.4
v 1.3 1.8 -0.4
v -1.4 0 -0.5
v -1.4 0.2 -0.5
v -1.1 0 -0.5
v -1.1 0.2 -0.5
v -0.8 0.6 -0.5
v -0.8 0.7 -0.5
v -0.8 1.2 -0.5
v -0.7 0.6 -0.5
v -0.7 0.7 -0.5
v -0.7 1.2 -0.5
v -0.7 1.3 -0.5
v -0.7 2.7 -0.5
v -0.7 2.8 -0.5
v -0.6 1.2 -0.5
v -0.6 1.3 -0.5
v -0.6 2.7 -0.5
v -0.6 2.8 -0.5
v 0.5 2.6 -0.5
v 0.5 2.7 -0.5
v 0.6 2.5 -0.5
v 0.6 2.6 -0.5
v 0.7 2.5 -0.5
v 0.7 2.7 -0.5
v 0.8 2.4 -0.5
v 0.8 2.5 -0.5
v 0.9 2.4 -0.5
v 0.9 2.5 -0.5
v -1 2.2 -0.6
v -1 2.4 -0.6
v -0.9 2.2 -0.6
v -0.9 2.4 -0.6
v -0.9 2.6 -0.6
v -0.8 2.4 -0.6
v -0.8 2.6 -0.6
v -0.6 2.7 -0.6
v -0.6 2.8 -0.6
v -0.1 0.1 -0.6
v -0.1 0.2 -0.6
v 0 0.1 -0.6
v 0 0.2 -0.6
v 0.4 2.7 -0.6
v 0.4 2.8 -0.6
v 0.5 2.5 -0.6
v 0.5 2.6 -0.6
v 0.6 2.5 -0.6
v 0.6 2.6 -0.6
v 0.7 2.4 -0.6
v 0.7 2.5 -0.6
v 0.8 2.4 -0.6
v 0.8 2.5 -0.6
v 1.1 2.2 -0.6
v 1.1 2.4 -0.6
v 1.2 2.2 -0.6
v 1.2 2.4 -0.6
v -1.1 1.4 -0.7
v -1.1 2 -0.7
v -1 1.4 -0.7
v -1 2 -0.7
v -0.9 2.3 -0.7
v -0.9 2.4 -0.7
v -0.8 2 -0.7
v -0.8 2.1 -0.7
v -0.8 2.3 -0.7
v -0.8 2.4 -0.7
v -0.7 0.5 -0.7
v -0.7 0.6 -0.7
v -0.7 1.2 -0.7
v -0.7 2 -0.7
v -0.7 2.1 -0.7
v -0.6 0.5 -0.7
v -0.6 0.6 -0.7
v -0.6 1.2 -0.7
v -0.6 1.3 -0.7
v -0.5 1.2 -0.7
v -0.5 1.3 -0.7
v -0.4 0.3 -0.7
v -0.4 0.8 -0.7
v -0.3 0.7 -0.7
v -0.3 0.8 -0.7
v -0.2 0 -0.7
v -0.2 0.3 -0.7
v -0.2 0.5 -0.7
v -0.2 0.7 -0.7
v -0.2 0.8 -0.7
v -0.2 0.9 -0.7
v -0.1 0 -0.7
v -0.1 0.2 -0.7
v -0.1 0.4 -0.7
v -0.1 0.5 -0.7
v -0.1 0.8 -0.7
v -0.1 0.9 -0.7
v -0.1 1.2 -0.7
v -0.1 1.3 -0.7
v 0 0.2 -0.7
v 0 0.4 -0.7
v 0 1.1 -0.7
v 0 1.2 -0.7
v 0 1.3 -0.7
v 0.1 1.1 -0.7
v 0.1 1.2 -0.7
v 0.5 2.4 -0.7
v 0.5 2.5 -0.7
v 0.7 2.4 -0.7
v 0.7 2.5 -0.7
v 1 2.3 -0.7
v 1 2.4 -0.7
v 1.1 2.1 -0.7
v 1.1 2.2 -0.7
v 1.1 2.3 -0.7
v 1.1 2.4 -0.7
v 1.2 2.1 -0.7
v 1.2 2.2 -0.7
v -1 2 -0.8
v -1 2.1 -0.8
v -0.9 2 -0.8
v -0.9 2.1 -0.8
v -0.9 2.2 -0.8
v -0.9 2.3 -0.8
v -0.8 1.8 -0.8
v -0.8 2 -0.8
v -0.8 2.2 -0.8
v -0.8 2.3 -0.8
v -0.8 2.7 -0.8
v -0.7 1.8 -0.8
v -0.7 1.9 -0.8
v -0.7 2 -0.8
v -0.7 2.1 -0.8
v -0.7 2.2 -0.8
v -0.7 2.6 -0.8
v -0.6 0.5 -0.8
v -0.6 0.6 -0.8
v -0.6 1.2 -0.8
v -0.6 1.9 -0.8
v -0.6 2.1 -0.8
v -0.5 0 -0.8
v -0.5 0.2 -0.8
v -0.5 0.3 -0.8
v -0.5 0.5 -0.8
v -0.5 0.6 -0.8
v -0.5 1.2 -0.8
v -0.5 1.3 -0.8
v -0.2 0 -0.8
v -0.2 0.3 -0.8
v -0.1 1.1 -0.8
v -0.1 1.2 -0.8
v -0.1 1.3 -0.8
v 0 0.5 -0.8
v 0 0.6 -0.8
v 0 1.1 -0.8
v 0 1.2 -0.8
v 0.1 0.5 -0.8
v 0.1 0.6 -0.8
v 0.1 1.1 -0.8
v 0.5 2.6 -0.8
v 0.5 2.7 -0.8
v 0.7 2.2 -0.8
v 0.7 2.3 -0.8
v 0.7 2.4 -0.8
v 0.8 2 -0.8
v 0.8 2.2 -0.8
v 1 2.3 -0.8
v 1 2.4 -0.8
v 1.1 1.9 -0.8
v 1.1 2 -0.8
v 1.1 2.1 -0.8
v 1.1 2.3 -0.8
v 1.2 1.9 -0.8
v 1.2 2.1 -0.8
v -0.9 2 -0.9
v -0.9 2.2 -0.9
v -0.8 2 -0.9
v -0.8 2.1 -0.9
v -0.8 2.2 -0.9
v -0.7 1.8 -0.9
v -0.7 1.9 -0.9
v -0.7 2.2 -0.9
v -0.7 2.6 -0.9
v -0.6 0 -0.9
v -0.6 0.2 -0.9
v -0.6 1.8 -0.9
v -0.6 1.9 -0.9
v -0.6 2.1 -0.9
v -0.6 2.2 -0.9
v -0.5 0 -0.9
v -0.5 0.2 -0.9
v 0.3 2.1 -0.9
v 0.3 2.2 -0.9
v 0.4 2 -0.9
v 0.4 2.1 -0.9
v 0.5 2.4 -0.9
v 0.5 2.6 -0.9
v 0.6 2.2 -0.9
v 0.6 2.3 -0.9
v 0.7 2.2 -0.9
v 0.7 2.3 -0.9
v 0.7 2.4 -0.9
v 0.8 2 -0.9
v 0.8 2.2 -0.9
v 1 1.9 -0.9
v 1 2 -0.9
v 1.1 1.8 -0.9
v 1.1 1.9 -0.9
v 1.1 2 -0.9
v 1.2 1.2 -0.9
v 1.2 1.6 -0.9
v 1.2 1.8 -0.9
v 1.2 1.9 -0.9
v 1.3 1.2 -0.9
v 1.3 1.6 -0.9
v -1 1.8 -1
v -1 2 -1
v -0.8 1.8 -1
v -0.8 2 -1
v -0.7 0 -1
v -0.7 0.2 -1
v -0.6 0 -1
v -0.6 0.2 -1
v -0.6 1.9 -1
v -0.6 2.2 -1
v 0.3 2.1 -1
v 0.3 2.2 -1
v 0.4 1.8 -1
v 0.4 1.9 -1
v 0.4 2 -1
v 0.4 2.1 -1
v 0.7 1.6 -1
v 0.7 1.8 -1
v 0.8 1.5 -1
v 0.8 1.6 -1
v 1 1.3 -1
v 1 1.5 -1
v 1 1.9 -1
v 1 2 -1
v 1.1 1.8 -1
v 1.1 1.9 -1
v 1.2 1.3 -1
v 1.2 1.8 -1
v -1.1 0.3 -1.1
v -1.1 1.4 -1.1
v -1 0 -1.1
v -1 0.2 -1.1
v -1 0.3 -1.1
v -1 1.4 -1.1
v -1 1.7 -1.1
v -1 1.8 -1.1
v -0.7 0 -1.1
v -0.7 0.2 -1.1
v -0.6 1.7 -1.1
v -0.6 1.8 -1.1
v -0.6 1.9 -1.1
v 0.4 1.7 -1.1
v 0.4 1.8 -1.1
v 0.4 1.9 -1.1
v 0.7 1.7 -1.1
v 0.7 1.8 -1.1
v 1.2 1 -1.1
v 1.2 1.2 -1.1
v 1.3 1 -1.1
v 1.3 1.2 -1.1
v -1 0.2 -1.2
v -1 1.7 -1.2
v -0.8 0.3 -1.2
v -0.8 1.6 -1.2
v -0.6 1.7 -1.2
v -0.6 1.8 -1.2
v 0.4 1.7 -1.2
v 0.4 1.8 -1.2
v 0.6 0.2 -1.2
v 0.6 0.3 -1.2
v 0.7 0.3 -1.2
v 0.7 0.5 -1.2
v 0.7 1.4 -1.2
v 0.7 1.6 -1.2
v 0.7 1.7 -1.2
v 0.8 0.3 -1.2
v 0.8 0.5 -1.2
v 0.8 0.6 -1.2
v 0.8 1.5 -1.2
v 0.8 1.6 -1.2
v 0.9 1.2 -1.2
v 0.9 1.4 -1.2
v 1 0.5 -1.2
v 1 0.6 -1.2
v 1 1.3 -1.2
v 1 1.5 -1.2
v 1.1 0.7 -1.2
v 1.1 1.2 -1.2
v 1.2 1 -1.2
v 1.2 1.3 -1.2
v 1.3 0.7 -1.2
v 1.3 1 -1.2
v -0.8 0.3 -1.3
v -0.8 1.6 -1.3
v -0.7 0.4 -1.3
v -0.7 1.5 -1.3
v 0.6 0.4 -1.3
v 0.6 0.6 -1.3
v 0.6 1.3 -1.3
v 0.6 1.5 -1.3
v 0.7 0.3 -1.3
v 0.7 0.5 -1.3
v 0.7 1.4 -1.3
v 0.7 1.6 -1.3
v 0.8 0.5 -1.3
v 0.8 0.6 -1.3
v 0.9 1.1 -1.3
v 0.9 1.2 -1.3
v 0.9 1.3 -1.3
v 0.9 1.4 -1.3
v 1 0.6 -1.3
v 1 1.1 -1.3
v 1.1 0.6 -1.3
v 1.1 1.2 -1.3
v -0.7 0.4 -1.4
v -0.7 1.5 -1.4
v -0.6 0.5 -1.4
v -0.6 1.4 -1.4
v 0.6 0.4 -1.4
v 0.6 0.5 -1.4
v 0.6 0.6 -1.4
v 0.6 0.7 -1.4
v 0.6 1.2 -1.4
v 0.6 1.3 -1.4
v 0.6 1.4 -1.4
v 0.6 1.5 -1.4
v 0.9 0.7 -1.4
v 0.9 1.1 -1.4
v 0.9 1.2 -1.4
v 0.9 1.3 -1.4
v 1 0.6 -1.4
v 1 1.1 -1.4
v -0.6 0.5 -1.5
v -0.6 1.4 -1.5
v 0.6 0.5 -1.5
v 0.6 0.7 -1.5
v 0.6 1.2 -1.5
v 0.6 1.4 -1.5
v 0.9 0.7 -1.5
v 0.9 1.2 -1.5
v -0.3 0 1
v 0 0 1
v 0.4 0 1
v 0.7 0 1
v -0.3 0 0.7
v 0 0 0.7
v 0.4 0 0.7
v 0.7 0 0.7
v -0.8 0 0.2
v -0.5 0 0.2
v -0.9 0 0.0999999
v -0.8 0 0.0999999
v -1.1 0 0
v -0.9 0 0
v -1.3 0 -0.1
v -1.1 0 -0.1
v -1.4 0 -0.2
v -1.3 0 -0.2
v -1.2 0 -0.2
v -0.7 0 -0.2
v -0.5 0 -0.2
v -1.2 0 -0.3
v -1.1 0 -0.3
v -0.8 0 -0.3
v -0.7 0 -0.3
v -0.4 0 -0.3
v -0.1 0 -0.3
v -1.1 0 -0.4
v -0.8 0 -0.4
v -0.5 0 -0.4
v -0.4 0 -0.4
v -1.4 0 -0.5
v -1.1 0 -0.5
v -0.6 0 -0.5
v -0.5 0 -0.5
v -0.8 0 -0.6
v -0.6 0 -0.6
v -0.9 0 -0.7
v -0.8 0 -0.7
v -0.2 0 -0.7
v -0.1 0 -0.7
v -1 0 -0.8
v -0.9 0 -0.8
v -0.8 0 -0.8
v -0.5 0 -0.8
v -0.2 0 -0.8
v -0.8 0 -0.9
v -0.7 0 -0.9
v -0.6 0 -0.9
v -0.5 0 -0.9
v -0.7 0 -1
v -0.6 0 -1
v -1 0 -1.1
v -0.7 0 -1.1
v -0.7 0.1 0.3
v -0.5 0.1 0.3
v -0.7 0.1 0.2
v -0.5 0.1 0.2
v -0.4 0.1 0.2
v -0.5 0.1 -0.1
v -0.4 0.1 -0.1
v -0.1 0.1 -0.4
v 0 0.1 -0.4
v -0.1 0.1 -0.6
v 0 0.1 -0.6
v -0.1 0.2 -0.6
v 0 0.2 -0.6
v -0.1 0.2 -0.7
v 0 0.2 -0.7
v -0.6 0.2 -0.9
v -0.5 0.2 -0.9
v 0.6 0.2 -0.9
v -0.7 0.2 -1
v -0.6 0.2 -1
v -1 0.2 -1.1
v -0.7 0.2 -1.1
v -1 0.2 -1.2
v 0.6 0.2 -1.2
v 0.1 0.3 -0.8
v 0.5 0.3 -0.8
v 0.1 0.3 -0.9
v 0.5 0.3 -0.9
v 0.6 0.3 -0.9
v 0.7 0.3 -0.9
v -1.1 0.3 -1
v -1 0.3 -1
v -1.1 0.3 -1.1
v -1 0.3 -1.1
v 0.7 0.3 -1.1
v 0.8 0.3 -1.1
v -0.8 0.3 -1.2
v 0.6 0.3 -1.2
v 0.7 0.3 -1.2
v 0.8 0.3 -1.2
v -0.8 0.3 -1.3
v 0.7 0.3 -1.3
v -0.1 0.4 -0.7
v 0 0.4 -0.7
v -0.5 0.4 -0.8
v -0.1 0.4 -0.8
v 0 0.4 -0.8
v 0.5 0.4 -0.8
v 0.7 0.4 -0.8
v -0.5 0.4 -0.9
v 0 0.4 -0.9
v 0.5 0.4 -0.9
v 0.7 0.4 -0.9
v 0.8 0.4 -0.9
v 0.7 0.4 -1.1
v 0.8 0.4 -1.1
v -0.7 0.4 -1.3
v 0.6 0.4 -1.3
v -0.7 0.4 -1.4
v 0.6 0.4 -1.4
v -0.8 0.5 0.3
v -0.7 0.5 0.3
v -0.9 0.5 0.2
v -0.8 0.5 0.2
v -0.7 0.5 0.2
v -0.8 0.5 -0.2
v -0.2 0.5 -0.2
v 0 0.5 -0.2
v -0.2 0.5 -0.3
v -0.1 0.5 -0.3
v 0 0.5 -0.3
v -0.9 0.5 -0.4
v -0.8 0.5 -0.4
v 0 0.5 -0.5
v 0.1 0.5 -0.5
v -0.7 0.5 -0.6
v -0.6 0.5 -0.6
v -0.7 0.5 -0.7
v -0.6 0.5 -0.7
v -0.5 0.5 -0.7
v -0.2 0.5 -0.7
v -0.1 0.5 -0.7
v -0.6 0.5 -0.8
v -0.5 0.5 -0.8
v -0.2 0.5 -0.8
v -0.1 0.5 -0.8
v 0 0.5 -0.8
v 0.1 0.5 -0.8
v 0.7 0.5 -0.8
v 0.9 0.5 -0.8
v 0.7 0.5 -0.9
v 0.8 0.5 -0.9
v 0.9 0.5 -0.9
v 1 0.5 -0.9
v 0.7 0.5 -1.2
v 0.8 0.5 -1.2
v 1 0.5 -1.2
v 0.7 0.5 -1.3
v 0.8 0.5 -1.3
v -0.6 0.5 -1.4
v 0.6 0.5 -1.4
v -0.6 0.5 -1.5
v 0.6 0.5 -1.5
v -0.7 0.6 0.4
v -0.6 0.6 0.4
v -0.7 0.6 0.3
v -0.6 0.6 0.3
v -0.4 0.6 0
v -0.2 0.6 0
v -0.5 0.6 -0.1
v -0.4 0.6 -0.1
v -0.5 0.6 -0.2
v -0.4 0.6 -0.2
v -0.2 0.6 -0.2
v -0.4 0.6 -0.3
v -0.2 0.6 -0.3
v -0.1 0.6 -0.3
v 0 0.6 -0.3
v -0.8 0.6 -0.4
v -0.7 0.6 -0.4
v -0.1 0.6 -0.4
v 0 0.6 -0.4
v 0.1 0.6 -0.4
v -0.8 0.6 -0.5
v -0.7 0.6 -0.5
v -0.6 0.6 -0.5
v 0 0.6 -0.5
v 0.1 0.6 -0.5
v -0.7 0.6 -0.6
v -0.6 0.6 -0.6
v 1 0.6 -1.1
v 1.1 0.6 -1.1
v 0.8 0.6 -1.2
v 1 0.6 -1.2
v 0.6 0.6 -1.3
v 0.8 0.6 -1.3
v 1 0.6 -1.3
v 1.1 0.6 -1.3
v 0.6 0.6 -1.4
v 1 0.6 -1.4
v 0 0.7 0.8
v 0.4 0.7 0.8
v -0.4 0.7 0.7
v -0.3 0.7 0.7
v -0.1 0.7 0.7
v 0 0.7 0.7
v 0.4 0.7 0.7
v 0.6 0.7 0.7
v -0.4 0.7 0.6
v -0.3 0.7 0.6
v 0.4 0.7 0.6
v 0.5 0.7 0.6
v -0.6 0.7 0.5
v -0.5 0.7 0.5
v -0.3 0.7 0.5
v -0.2 0.7 0.5
v -0.1 0.7 0.5
v 0 0.7 0.5
v 0.1 0.7 0.5
v 0.3 0.7 0.5
v 0.4 0.7 0.5
v 0.5 0.7 0.5
v 0.6 0.7 0.5
v -0.8 0.7 0.4
v -0.7 0.7 0.4
v -0.6 0.7 0.4
v -0.5 0.7 0.4
v -0.3 0.7 0.4
v -0.2 0.7 0.4
v 0 0.7 0.4
v 0.1 0.7 0.4
v 0.3 0.7 0.4
v 0.4 0.7 0.4
v -0.8 0.7 0.3
v -0.7 0.7 0.3
v -0.4 0.7 0.3
v -0.3 0.7 0.3
v -0.2 0.7 0.3
v 0 0.7 0.3
v 0.2 0.7 0.3
v 0.5 0.7 0.3
v -0.4 0.7 0.2
v 0.2 0.7 0.2
v 0.5 0.7 0.2
v -0.4 0.7 0
v -0.2 0.7 0
v 0.1 0.7 -0.1
v 0.2 0.7 -0.1
v -0.5 0.7 -0.2
v -0.4 0.7 -0.2
v -0.2 0.7 -0.2
v 0 0.7 -0.2
v 0.1 0.7 -0.2
v -0.5 0.7 -0.3
v -0.4 0.7 -0.3
v -0.3 0.7 -0.7
v -0.2 0.7 -0.7
v -0.3 0.7 -0.8
v -0.2 0.7 -0.8
v 0.9 0.7 -0.8
v 1 0.7 -0.8
v 0.9 0.7 -0.9
v 1 0.7 -0.9
v 1.3 0.7 -0.9
v 1 0.7 -1.1
v 1.1 0.7 -1.1
v 1.1 0.7 -1.2
v 1.3 0.7 -1.2
v 0.6 0.7 -1.4
v 0.9 0.7 -1.4
v 0.6 0.7 -1.5
v 0.9 0.7 -1.5
v -0.4 0.8 1
v 0 0.8 1
v 0.4 0.8 1
v 0.8 0.8 1
v -0.3 0.8 0.9
v 0 0.8 0.9
v 0.1 0.8 0.9
v 0.3 0.8 0.9
v 0.4 0.8 0.9
v 0.7 0.8 0.9
v -0.5 0.8 0.8
v -0.4 0.8 0.8
v 0.1 0.8 0.8
v 0.3 0.8 0.8
v -0.4 0.8 0.7
v -0.3 0.8 0.7
v 0.6 0.8 0.7
v 0.7 0.8 0.7
v -0.6 0.8 0.6
v -0.5 0.8 0.6
v -0.4 0.8 0.6
v 0.7 0.8 0.6
v 0.8 0.8 0.6
v -0.7 0.8 0.5
v -0.6 0.8 0.5
v -0.5 0.8 0.5
v -0.4 0.8 0.5
v -0.3 0.8 0.5
v 0.5 0.8 0.5
v 0.6 0.8 0.5
v -0.7 0.8 0.4
v -0.6 0.8 0.4
v -0.5 0.8 0.4
v -0.4 0.8 0.4
v -0.3 0.8 0.4
v 0.6 0.8 0.4
v 0.7 0.8 0.4
v -0.5 0.8 0.3
v -0.4 0.8 0.3
v -0.3 0.8 0.3
v 0.5 0.8 0.3
v 1 0.8 0.3
v 1.3 0.8 0.3
v -1 0.8 0.2
v -0.9 0.8 0.2
v -0.5 0.8 0.2
v -0.4 0.8 0.2
v 0.2 0.8 0.2
v 0.5 0.8 0.2
v 0.6 0.8 0.2
v 0.4 0.8 0.0999999
v 0.5 0.8 0.0999999
v 0.3 0.8 0
v 0.4 0.8 0
v 0.1 0.8 -0.1
v 0.2 0.8 -0.1
v 0.3 0.8 -0.1
v -0.8 0.8 -0.2
v -0.7 0.8 -0.2
v -0.5 0.8 -0.2
v 0 0.8 -0.2
v 0.1 0.8 -0.2
v 0.2 0.8 -0.2
v -1 0.8 -0.3
v -0.9 0.8 -0.3
v -0.5 0.8 -0.3
v -0.8 0.8 -0.4
v -0.7 0.8 -0.4
v -0.6 0.8 -0.4
v 0 0.8 -0.4
v 0.1 0.8 -0.4
v -0.7 0.8 -0.5
v -0.6 0.8 -0.5
v -0.5 0.8 -0.5
v -0.5 0.8 -0.6
v -0.4 0.8 -0.6
v -0.6 0.8 -0.7
v -0.5 0.8 -0.7
v -0.4 0.8 -0.7
v -0.3 0.8 -0.7
v 0.5 0.8 -0.7
v 1 0.8 -0.7
v -0.5 0.8 -0.8
v -0.3 0.8 -0.8
v 0.5 0.8 -0.8
v 1 0.8 -0.8
v 1 0.8 -0.9
v 1.3 0.8 -0.9
v 0 0.9 1
v 0.1 0.9 1
v 0.3 0.9 1
v 0.4 0.9 1
v 0 0.9 0.9
v 0.1 0.9 0.9
v 0.3 0.9 0.9
v 0.4 0.9 0.9
v 0 0.9 0.8
v 0.1 0.9 0.8
v 0.3 0.9 0.8
v 0.4 0.9 0.8
v -0.5 0.9 0.5
v -0.4 0.9 0.5
v 1 0.9 0.5
v 1.3 0.9 0.5
v -0.6 0.9 0.4
v -0.5 0.9 0.4
v -0.4 0.9 0.4
v -0.9 0.9 0.3
v -0.8 0.9 0.3
v -0.6 0.9 0.3
v -0.5 0.9 0.3
v 1 0.9 0.3
v 1.3 0.9 0.3
v -0.9 0.9 0.2
v -0.8 0.9 0.2
v 0.4 0.9 0.0999999
v 0.5 0.9 0.0999999
v 0.3 0.9 0
v 0.4 0.9 0
v 0.5 0.9 0
v 0.2 0.9 -0.1
v 0.3 0.9 -0.1
v 0.4 0.9 -0.1
v 0.1 0.9 -0.2
v 0.2 0.9 -0.2
v 0.3 0.9 -0.2
v -0.5 0.9 -0.3
v -0.4 0.9 -0.3
v 0.1 0.9 -0.3
v 0.2 0.9 -0.3
v -0.5 0.9 -0.5
v -0.4 0.9 -0.5
v -0.5 0.9 -0.6
v -0.4 0.9 -0.6
v 0.5 0.9 -0.6
v 1 0.9 -0.6
v -0.2 0.9 -0.7
v -0.1 0.9 -0.7
v 0.3 0.9 -0.7
v 0.5 0.9 -0.7
v 1 0.9 -0.7
v -0.2 0.9 -0.8
v -0.1 0.9 -0.8
v 0.3 0.9 -0.8
v 0.5 0.9 -0.8
v 1 1 1.2
v 1.2 1 1.2
v 0.1 1 1
v 0.3 1 1
v 0.1 1 0.9
v 0.3 1 0.9
v 1 1 0.8
v 1.2 1 0.8
v 0.5 1 -0.5
v 1 1 -0.5
v 0.5 1 -0.6
v 1 1 -0.6
v -0.8 1.1 1
v -0.6 1.1 1
v -0.8 1.1 0.8
v -0.6 1.1 0.8
v 0.8 1.1 -0.3
v 1 1.1 -0.3
v 0.5 1.1 -0.4
v 0.8 1.1 -0.4
v 0.5 1.1 -0.5
v 1 1.1 -0.5
v 1.2 1.2 1.2
v 1.3 1.2 1.2
v 1.2 1.2 0.8
v 1.3 1.2 0.8
v 0.5 1.2 -0.2
v 1 1.2 -0.2
v 0.8 1.2 -0.3
v 1 1.2 -0.3
v 0.5 1.2 -0.4
v 0.8 1.2 -0.4
v 0.3 1.2 -0.6
v 0.5 1.2 -0.6
v 0.3 1.2 -0.7
v 0.5 1.2 -0.7
v -0.9 1.3 1
v -0.8 1.3 1
v -0.8 1.3 0.8
v -0.6 1.3 0.8
v -0.9 1.3 0.7
v -0.8 1.3 0.7
v -0.9 1.3 0.5
v -0.8 1.3 0.5
v -0.6 1.3 0.5
v -0.8 1.3 0.4
v -0.7 1.3 0.4
v -0.6 1.3 0.4
v -1 1.3 0.2
v -0.9 1.3 0.2
v -0.8 1.3 0.2
v 0.6 1.3 0.0999999
v 1 1.3 0.0999999
v 0.6 1.3 -0.2
v 1 1.3 -0.2
v -0.9 1.3 -0.3
v -0.8 1.3 -0.3
v 0.3 1.3 -0.5
v 0.5 1.3 -0.5
v 0.3 1.3 -0.6
v 0.5 1.3 -0.6
v -1 1.3 -1
v -0.8 1.3 -1
v -0.4 1.4 1.3
v -0.3 1.4 1.3
v 1.1 1.4 1.3
v 1.2 1.4 1.3
v -0.6 1.4 1.2
v -0.4 1.4 1.2
v -0.3 1.4 1.2
v 0.7 1.4 1.2
v 1 1.4 1.2
v 1.1 1.4 1.2
v 1.2 1.4 1.2
v -0.6 1.4 1
v -0.5 1.4 1
v -0.4 1.4 1
v 0.7 1.4 1
v 0.9 1.4 1
v 0 1.4 0.9
v 0.3 1.4 0.9
v 0.9 1.4 0.9
v 1 1.4 0.9
v 1.1 1.4 0.9
v 1.1 1.4 0.8
v 0 1.4 0.6
v 0.3 1.4 0.6
v 1 1.4 0.5
v 1.1 1.4 0.5
v 0.4 1.4 0.2
v 0.5 1.4 0.2
v -1.1 1.4 0.0999999
v -1 1.4 0.0999999
v -0.5 1.4 0.0999999
v 0.4 1.4 0.0999999
v 0.5 1.4 0.0999999
v 0.6 1.4 0.0999999
v 1 1.4 0.0999999
v -1.1 1.4 -0.7
v -1 1.4 -0.7
v -0.5 1.5 1.3
v -0.4 1.5 1.3
v -0.3 1.5 1.3
v 0 1.5 1.3
v 0.2 1.5 1.3
v 0.6 1.5 1.3
v 1 1.5 1.3
v -0.5 1.5 1.2
v -0.4 1.5 1.2
v -0.3 1.5 1.2
v 0 1.5 1.2
v 0.2 1.5 1.2
v 0.6 1.5 1.2
v 0.7 1.5 1.2
v 1 1.5 1.2
v 1.1 1.5 1.2
v -0.7 1.5 1.1
v -0.6 1.5 1.1
v -0.7 1.5 1
v -0.6 1.5 1
v -0.5 1.5 1
v 1 1.5 0.9
v 1.1 1.5 0.9
v -0.6 1.5 0.8
v -0.5 1.5 0.8
v 1.1 1.5 0.8
v 1.3 1.5 0.8
v 1.1 1.5 0.5
v 1.3 1.5 0.5
v -0.8 1.5 0.4
v -0.6 1.5 0.4
v 0.4 1.5 0.2
v 0.5 1.5 0.2
v -0.6 1.5 0.0999999
v -0.5 1.5 0.0999999
v 0.4 1.5 0.0999999
v 0.5 1.5 0.0999999
v 0.6 1.5 0.0999999
v 0.5 1.5 -0.2
v 0.6 1.5 -0.2
v 0.5 1.5 -0.3
v 0.8 1.5 -0.3
v 0.5 1.5 -0.4
v 0.8 1.5 -0.4
v 0.3 1.5 -0.5
v 0.5 1.5 -0.5
v 0.1 1.5 -0.8
v 0.3 1.5 -0.8
v -0.6 1.5 -0.9
v 0.1 1.5 -0.9
v -0.8 1.5 -1
v -0.6 1.5 -1
v 1 1.7 1.3
v 1.1 1.7 1.3
v 1 1.7 1.2
v 1.1 1.7 1.2
v -0.6 2.1 1.2
v -0.5 2.1 1.2
v -0.5 2.1 1.1
v -0.4 2.1 1.1
v -0.6 2.1 1
v -0.4 2.1 1
v -0.8 2.1 -0.7
v -0.7 2.1 -0.7
v -0.7 2.1 -0.8
v -0.6 2.1 -0.8
v -0.8 2.1 -0.9
v -0.6 2.1 -0.9
v 0 2.2 1.3
v 0.2 2.2 1.3
v 0.5 2.2 1.3
v 0.8 2.2 1.3
v -0.5 2.2 1.2
v -0.4 2.2 1.2
v -0.1 2.2 1.2
v 0 2.2 1.2
v 0.2 2.2 1.2
v 0.3 2.2 1.2
v 0.5 2.2 1.2
v 0.8 2.2 1.2
v -0.5 2.2 1.1
v -0.4 2.2 1.1
v -0.3 2.2 1.1
v -0.1 2.2 1.1
v 0.3 2.2 1.1
v -0.4 2.2 1
v -0.3 2.2 1
v 0.8 2.2 0.9
v 0.9 2.2 0.9
v 0.8 2.2 0.8
v 0.9 2.2 0.8
v -1 2.2 0.7
v -0.9 2.2 0.7
v -0.8 2.2 0.7
v -0.9 2.2 0.2
v -0.8 2.2 0.2
v -1 2.2 -0.6
v -0.9 2.2 -0.6
v 0.5 2.3 1.2
v 0.8 2.3 1.2
v -0.1 2.3 1.1
v 0.3 2.3 1.1
v 0.5 2.3 1.1
v 0.6 2.3 1.1
v 0.8 2.3 1.1
v -0.1 2.3 1
v 0.3 2.3 1
v -1 2.3 0.8
v -0.9 2.3 0.8
v -1 2.3 0.7
v -0.9 2.3 0.7
v -0.1 2.4 1.3
v 0 2.4 1.3
v 0.2 2.4 1.3
v 0.3 2.4 1.3
v 0.4 2.4 1.3
v 0.5 2.4 1.3
v -0.4 2.4 1.2
v -0.3 2.4 1.2
v -0.1 2.4 1.2
v 0 2.4 1.2
v 0.2 2.4 1.2
v 0.3 2.4 1.2
v 0.4 2.4 1.2
v 0.8 2.4 1.2
v 0.9 2.4 1.2
v -0.4 2.4 1.1
v -0.3 2.4 1.1
v -0.2 2.4 1.1
v 0.5 2.4 1.1
v 0.8 2.4 1.1
v -0.3 2.4 1
v -0.2 2.4 1
v 0.3 2.4 1
v 0.8 2.4 1
v 0.9 2.4 1
v -0.3 2.5 1.3
v -0.1 2.5 1.3
v 0.8 2.5 1.3
v 1 2.5 1.3
v -0.3 2.5 1.2
v 0.8 2.5 1.2
v 1 2.5 1.2
v -0.8 2.5 1.1
v -0.7 2.5 1.1
v -0.6 2.5 1.1
v -0.3 2.5 1.1
v -0.2 2.5 1.1
v -0.8 2.5 1
v -0.7 2.5 1
v -0.6 2.5 1
v -0.2 2.5 1
v -0.1 2.5 1
v 0.8 2.5 1
v 0.9 2.5 1
v 0.8 2.5 0.9
v 0.9 2.5 0.9
v 1 2.6 1.3
v 1.1 2.6 1.3
v 1 2.6 1.1
v 1.1 2.6 1.1
v -0.3 0.1 1
v 0 0.1 1
v 0.4 0.1 1
v 0.7 0.1 1
v -0.3 0.1 0.9
v 0 0.1 0.9
v 0.4 0.1 0.9
v 0.7 0.1 0.9
v -1.4 0.2 -0.2
v -1.3 0.2 -0.2
v -1.3 0.2 -0.4
v -1.1 0.2 -0.4
v -0.5 0.2 -0.4
v -0.4 0.2 -0.4
v -1.4 0.2 -0.5
v -1.1 0.2 -0.5
v -0.6 0.2 -0.5
v -0.5 0.2 -0.5
v -0.4 0.2 -0.5
v -0.8 0.2 -0.6
v -0.6 0.2 -0.6
v -0.9 0.2 -0.7
v -0.8 0.2 -0.7
v -0.9 0.2 -0.8
v -0.5 0.2 -0.8
v -0.9 0.2 -0.9
v -0.8 0.2 -0.9
v -0.6 0.2 -0.9
v -0.5 0.2 -0.9
v -0.8 0.2 -1
v -0.7 0.2 -1
v -0.6 0.2 -1
v -0.9 0.3 0.0999999
v -0.8 0.3 0.0999999
v -1.1 0.3 0
v -0.9 0.3 0
v -0.8 0.3 0
v -1.3 0.3 -0.1
v -1.1 0.3 -0.1
v -0.9 0.3 -0.3
v -0.8 0.3 -0.3
v -1.3 0.3 -0.4
v -0.8 0.3 -0.4
v -0.5 0.3 -0.5
v -0.4 0.3 -0.5
v -0.4 0.3 -0.7
v -0.2 0.3 -0.7
v -1 0.3 -0.8
v -0.9 0.3 -0.8
v -0.5 0.3 -0.8
v -0.2 0.3 -0.8
v -0.9 0.3 -0.9
v -0.8 0.3 -0.9
v -1 0.3 -1
v -0.8 0.3 -1
v -0.9 0.4 0
v -0.8 0.4 0
v -0.8 0.4 -0.2
v -0.7 0.4 -0.2
v -0.9 0.4 -0.3
v -0.7 0.4 -0.3
v -0.2 0.8 -0.7
v -0.1 0.8 -0.7
v -0.2 0.8 -0.8
v -0.1 0.8 -0.8
v -0.4 1 1
v -0.3 1 1
v -0.1 1 1
v 0 1 1
v 0.7 1 1
v 0.8 1 1
v -0.4 1 0.9
v -0.3 1 0.9
v -0.1 1 0.9
v 0 1 0.9
v 0.7 1 0.9
v 0.8 1 0.9
v 1.2 1 -1.1
v 1.3 1 -1.1
v 1.2 1 -1.2
v 1.3 1 -1.2
v 1 1.1 1.2
v 1.1 1.1 1.2
v 1 1.1 1.1
v 1.1 1.1 1.1
v -0.3 1.1 1
v -0.1 1.1 1
v 0.1 1.1 1
v 0.3 1.1 1
v 0.4 1.1 1
v 0.7 1.1 1
v -0.3 1.1 0.9
v -0.1 1.1 0.9
v 0.1 1.1 0.9
v 0.3 1.1 0.9
v 0.4 1.1 0.9
v 0.7 1.1 0.9
v 0.8 1.1 0.9
v 0.7 1.1 0.8
v 0.8 1.1 0.8
v 0.4 1.1 0.0999999
v 0.5 1.1 0.0999999
v 0.3 1.1 0
v 0.4 1.1 0
v 0.5 1.1 0
v 0.2 1.1 -0.1
v 0.3 1.1 -0.1
v 0.4 1.1 -0.1
v 0.2 1.1 -0.2
v 0.3 1.1 -0.2
v 0 1.1 -0.7
v 0.1 1.1 -0.7
v -0.1 1.1 -0.8
v 0 1.1 -0.8
v 0.1 1.1 -0.8
v -0.1 1.1 -0.9
v 0 1.1 -0.9
v 0.9 1.1 -1.3
v 1 1.1 -1.3
v 0.9 1.1 -1.4
v 1 1.1 -1.4
v 1 1.2 1.1
v 1.1 1.2 1.1
v 0 1.2 1
v 0.1 1.2 1
v 0.3 1.2 1
v 0.4 1.2 1
v -0.4 1.2 0.9
v -0.3 1.2 0.9
v 0 1.2 0.9
v 0.1 1.2 0.9
v 0.3 1.2 0.9
v 0.4 1.2 0.9
v 0.6 1.2 0.9
v 0.7 1.2 0.9
v -0.5 1.2 0.8
v -0.4 1.2 0.8
v -0.3 1.2 0.8
v 0.6 1.2 0.8
v 0.7 1.2 0.8
v 0.8 1.2 0.8
v 1 1.2 0.8
v 1.1 1.2 0.8
v -0.6 1.2 0.6
v -0.5 1.2 0.6
v -0.4 1.2 0.6
v 0.7 1.2 0.6
v 0.8 1.2 0.6
v -0.7 1.2 0.5
v -0.6 1.2 0.5
v -0.5 1.2 0.5
v -0.4 1.2 0.5
v 0.6 1.2 0.5
v 0.7 1.2 0.5
v -0.8 1.2 0.4
v -0.7 1.2 0.4
v -0.6 1.2 0.4
v -0.5 1.2 0.4
v -0.4 1.2 0.4
v 0.1 1.2 0.4
v 0.5 1.2 0.4
v 0.6 1.2 0.4
v 0.7 1.2 0.4
v -0.9 1.2 0.3
v -0.8 1.2 0.3
v -0.7 1.2 0.3
v -0.6 1.2 0.3
v -0.5 1.2 0.3
v 0.1 1.2 0.3
v 0.5 1.2 0.3
v -1 1.2 0.2
v -0.9 1.2 0.2
v -0.7 1.2 0.2
v 0.5 1.2 0.2
v 0.6 1.2 0.2
v -0.5 1.2 0.0999999
v -0.3 1.2 0.0999999
v 0.4 1.2 0.0999999
v 0.5 1.2 0.0999999
v -0.3 1.2 0
v -0.2 1.2 0
v 0.3 1.2 0
v 0.4 1.2 0
v -0.2 1.2 -0.1
v 0 1.2 -0.1
v 0.2 1.2 -0.1
v 0.3 1.2 -0.1
v -1 1.2 -0.3
v -0.9 1.2 -0.3
v -0.7 1.2 -0.3
v 0.1 1.2 -0.3
v 0.2 1.2 -0.3
v -0.9 1.2 -0.4
v -0.8 1.2 -0.4
v -0.8 1.2 -0.5
v -0.7 1.2 -0.5
v -0.6 1.2 -0.5
v -0.7 1.2 -0.7
v -0.6 1.2 -0.7
v -0.5 1.2 -0.7
v -0.1 1.2 -0.7
v 0 1.2 -0.7
v 0.1 1.2 -0.7
v -0.6 1.2 -0.8
v -0.5 1.2 -0.8
v -0.1 1.2 -0.8
v 0 1.2 -0.8
v -0.5 1.2 -0.9
v -0.1 1.2 -0.9
v 1.2 1.2 -0.9
v 1.3 1.2 -0.9
v 1.2 1.2 -1.1
v 1.3 1.2 -1.1
v 0.9 1.2 -1.2
v 1.1 1.2 -1.2
v 0.9 1.2 -1.3
v 1.1 1.2 -1.3
v 0.6 1.2 -1.4
v 0.9 1.2 -1.4
v 0.6 1.2 -1.5
v 0.9 1.2 -1.5
v -0.3 1.3 0.9
v -0.2 1.3 0.9
v 0 1.3 0.9
v 0.3 1.3 0.9
v 0.5 1.3 0.9
v 0.6 1.3 0.9
v -0.4 1.3 0.8
v -0.3 1.3 0.8
v 0.3 1.3 0.8
v 0.4 1.3 0.8
v 0.6 1.3 0.8
v 0.7 1.3 0.8
v -0.2 1.3 0.7
v 0 1.3 0.7
v 0.4 1.3 0.7
v 0.5 1.3 0.7
v -0.4 1.3 0.6
v -0.3 1.3 0.6
v 0 1.3 0.6
v 0.3 1.3 0.6
v -0.6 1.3 0.5
v -0.5 1.3 0.5
v -0.4 1.3 0.5
v -0.3 1.3 0.5
v 0 1.3 0.5
v 0.1 1.3 0.5
v 0.3 1.3 0.5
v 0.4 1.3 0.5
v 0.6 1.3 0.5
v 0.7 1.3 0.5
v -0.7 1.3 0.4
v -0.6 1.3 0.4
v -0.5 1.3 0.4
v -0.4 1.3 0.4
v 0.1 1.3 0.4
v 0.3 1.3 0.4
v 0.5 1.3 0.4
v 0.6 1.3 0.4
v -0.7 1.3 0.3
v -0.6 1.3 0.3
v -0.5 1.3 0.3
v 0.1 1.3 0.3
v 0.5 1.3 0.3
v -0.8 1.3 0.2
v -0.7 1.3 0.2
v -0.5 1.3 0.0999999
v -0.3 1.3 0.0999999
v -0.3 1.3 0
v -0.2 1.3 0
v -0.2 1.3 -0.1
v 0 1.3 -0.1
v -0.8 1.3 -0.3
v -0.7 1.3 -0.3
v -0.7 1.3 -0.5
v -0.6 1.3 -0.5
v -0.6 1.3 -0.7
v -0.5 1.3 -0.7
v -0.1 1.3 -0.7
v 0 1.3 -0.7
v -0.5 1.3 -0.8
v -0.1 1.3 -0.8
v 1 1.3 -1
v 1.2 1.3 -1
v 1 1.3 -1.2
v 1.2 1.3 -1.2
v 0.6 1.3 -1.3
v 0.9 1.3 -1.3
v 0.6 1.3 -1.4
v 0.9 1.3 -1.4
v 0.5 1.4 -0.3
v 0.8 1.4 -0.3
v 0.5 1.4 -0.4
v 0.8 1.4 -0.4
v -1.1 1.4 -1
v -1 1.4 -1
v -1.1 1.4 -1.1
v -1 1.4 -1.1
v 0.7 1.4 -1.2
v 0.9 1.4 -1.2
v 0.7 1.4 -1.3
v 0.9 1.4 -1.3
v -0.6 1.4 -1.4
v 0.6 1.4 -1.4
v -0.6 1.4 -1.5
v 0.6 1.4 -1.5
v 0.8 1.5 -1
v 1 1.5 -1
v 0.8 1.5 -1.2
v 1 1.5 -1.2
v -0.7 1.5 -1.3
v 0.6 1.5 -1.3
v -0.7 1.5 -1.4
v 0.6 1.5 -1.4
v 1.2 1.6 -0.4
v 1.3 1.6 -0.4
v 1.2 1.6 -0.9
v 1.3 1.6 -0.9
v 0.7 1.6 -1
v 0.8 1.6 -1
v -0.8 1.6 -1.2
v 0.7 1.6 -1.2
v 0.8 1.6 -1.2
v -0.8 1.6 -1.3
v 0.7 1.6 -1.3
v -1 1.7 -1.1
v -0.6 1.7 -1.1
v 0.4 1.7 -1.1
v 0.7 1.7 -1.1
v -1 1.7 -1.2
v -0.6 1.7 -1.2
v 0.4 1.7 -1.2
v 0.7 1.7 -1.2
v -0.5 1.8 1.3
v -0.3 1.8 1.3
v 0.1 1.8 1.3
v 0.2 1.8 1.3
v 0.3 1.8 1.3
v 0.4 1.8 1.3
v 0.6 1.8 1.3
v 1 1.8 1.3
v -0.6 1.8 1.2
v -0.5 1.8 1.2
v -0.3 1.8 1.2
v 0.1 1.8 1.2
v 0.2 1.8 1.2
v 0.3 1.8 1.2
v 0.4 1.8 1.2
v 0.6 1.8 1.2
v 0.7 1.8 1.2
v 0.9 1.8 1.2
v 1 1.8 1.2
v -0.7 1.8 1.1
v -0.6 1.8 1.1
v -0.5 1.8 1.1
v -0.3 1.8 1.1
v 0.7 1.8 1.1
v 0.9 1.8 1.1
v -0.7 1.8 1
v -0.6 1.8 1
v 1.2 1.8 -0.3
v 1.3 1.8 -0.3
v 1.2 1.8 -0.4
v 1.3 1.8 -0.4
v -0.8 1.8 -0.8
v -0.7 1.8 -0.8
v -0.7 1.8 -0.9
v -0.6 1.8 -0.9
v 1.1 1.8 -0.9
v 1.2 1.8 -0.9
v -1 1.8 -1
v -0.8 1.8 -1
v 0.4 1.8 -1
v 0.7 1.8 -1
v 1.1 1.8 -1
v 1.2 1.8 -1
v -1 1.8 -1.1
v -0.6 1.8 -1.1
v 0.4 1.8 -1.1
v 0.7 1.8 -1.1
v -0.6 1.8 -1.2
v 0.4 1.8 -1.2
v -0.5 1.9 1.2
v -0.3 1.9 1.2
v -0.5 1.9 1.1
v -0.4 1.9 1.1
v -0.3 1.9 1.1
v -0.9 1.9 0.5
v -0.8 1.9 0.5
v -0.9 1.9 0.4
v -0.8 1.9 0.4
v -0.7 1.9 -0.8
v -0.6 1.9 -0.8
v 1.1 1.9 -0.8
v 1.2 1.9 -0.8
v -0.7 1.9 -0.9
v -0.6 1.9 -0.9
v 1 1.9 -0.9
v 1.1 1.9 -0.9
v 1.2 1.9 -0.9
v -0.6 1.9 -1
v 0.4 1.9 -1
v 1 1.9 -1
v 1.1 1.9 -1
v -0.6 1.9 -1.1
v 0.4 1.9 -1.1
v -0.6 2 1.1
v -0.4 2 1.1
v 0 2 1.1
v 0.3 2 1.1
v 0.7 2 1.1
v 0.9 2 1.1
v -0.6 2 1
v -0.4 2 1
v 0 2 1
v 0.3 2 1
v 0.7 2 1
v 0.8 2 1
v 0.8 2 0.8
v 0.9 2 0.8
v -0.9 2 0.4
v -0.8 2 0.4
v -0.9 2 0.3
v -0.8 2 0.3
v -1.1 2 0.0999999
v -1 2 0.0999999
v 1.2 2 -0.2
v 1.3 2 -0.2
v 1.2 2 -0.3
v 1.3 2 -0.3
v -1.1 2 -0.7
v -1 2 -0.7
v -0.8 2 -0.7
v -0.7 2 -0.7
v -1 2 -0.8
v -0.9 2 -0.8
v -0.8 2 -0.8
v -0.7 2 -0.8
v 0.8 2 -0.8
v 1.1 2 -0.8
v -0.9 2 -0.9
v -0.8 2 -0.9
v 0.4 2 -0.9
v 0.8 2 -0.9
v 1 2 -0.9
v 1.1 2 -0.9
v -1 2 -1
v -0.8 2 -1
v 0.4 2 -1
v 1 2 -1
v -0.4 2.1 1.1
v -0.3 2.1 1.1
v -0.1 2.1 1.1
v 0 2.1 1.1
v -0.4 2.1 1
v -0.3 2.1 1
v -0.1 2.1 1
v 0 2.1 1
v -0.9 2.1 0.3
v -0.8 2.1 0.3
v -1 2.1 0.2
v -0.9 2.1 0.2
v -0.8 2.1 0.2
v 1.2 2.1 -0.1
v 1.3 2.1 -0.1
v 1.2 2.1 -0.2
v 1.3 2.1 -0.2
v 1.1 2.1 -0.7
v 1.2 2.1 -0.7
v -1 2.1 -0.8
v -0.9 2.1 -0.8
v 1.1 2.1 -0.8
v 1.2 2.1 -0.8
v 0.3 2.1 -0.9
v 0.4 2.1 -0.9
v 0.3 2.1 -1
v 0.4 2.1 -1
v -0.3 2.2 1.1
v -0.2 2.2 1.1
v -0.1 2.2 1.1
v 0.3 2.2 1.1
v 0.4 2.2 1.1
v 0.6 2.2 1.1
v 0.7 2.2 1.1
v -0.3 2.2 1
v -0.2 2.2 1
v -0.1 2.2 1
v 0.3 2.2 1
v 0.4 2.2 1
v 0.6 2.2 1
v 0.7 2.2 1
v 1.2 2.2 0
v 1.3 2.2 0
v 1.2 2.2 -0.1
v 1.3 2.2 -0.1
v 1.1 2.2 -0.6
v 1.2 2.2 -0.6
v 1.1 2.2 -0.7
v 1.2 2.2 -0.7
v -0.9 2.2 -0.8
v -0.8 2.2 -0.8
v -0.7 2.2 -0.8
v 0.7 2.2 -0.8
v 0.8 2.2 -0.8
v -0.9 2.2 -0.9
v -0.8 2.2 -0.9
v -0.7 2.2 -0.9
v -0.6 2.2 -0.9
v 0.3 2.2 -0.9
v 0.7 2.2 -0.9
v 0.8 2.2 -0.9
v -0.6 2.2 -1
v 0.3 2.2 -1
v 0.4 2.3 1.1
v 0.5 2.3 1.1
v 0.6 2.3 1.1
v 0.4 2.3 1
v 0.5 2.3 1
v 0.6 2.3 1
v 1.2 2.3 0.2
v 1.3 2.3 0.2
v 1.2 2.3 0
v 1.3 2.3 0
v -0.9 2.3 -0.7
v -0.8 2.3 -0.7
v 1 2.3 -0.7
v 1.1 2.3 -0.7
v -0.9 2.3 -0.8
v -0.8 2.3 -0.8
v 1 2.3 -0.8
v 1.1 2.3 -0.8
v 0.7 2.4 1.3
v 0.8 2.4 1.3
v 1 2.4 1.3
v 1.2 2.4 1.3
v 0.7 2.4 1.2
v 0.8 2.4 1.2
v 1 2.4 1.2
v 1.2 2.4 1.2
v 1.3 2.4 1.2
v -1 2.4 0.8
v -0.9 2.4 0.8
v 1.2 2.4 0.2
v 1.3 2.4 0.2
v 1.1 2.4 0
v 1.2 2.4 0
v 1 2.4 -0.2
v 1.1 2.4 -0.2
v 0.9 2.4 -0.4
v 1 2.4 -0.4
v 0.8 2.4 -0.5
v 0.9 2.4 -0.5
v -1 2.4 -0.6
v -0.9 2.4 -0.6
v -0.8 2.4 -0.6
v 0.7 2.4 -0.6
v 0.8 2.4 -0.6
v 1.1 2.4 -0.6
v 1.2 2.4 -0.6
v -0.9 2.4 -0.7
v -0.8 2.4 -0.7
v 0.5 2.4 -0.7
v 0.7 2.4 -0.7
v 0.8 2.4 -0.7
v 1 2.4 -0.7
v 1.1 2.4 -0.7
v 0.7 2.4 -0.8
v 1 2.4 -0.8
v 0.5 2.4 -0.9
v 0.7 2.4 -0.9
v 0.6 2.5 1.3
v 0.7 2.5 1.3
v -0.6 2.5 1.2
v -0.5 2.5 1.2
v 0.6 2.5 1.2
v 0.7 2.5 1.2
v 0.8 2.5 1.2
v 1 2.5 1.2
v 1.2 2.5 1.2
v -0.6 2.5 1.1
v -0.5 2.5 1.1
v 0.7 2.5 1.1
v 0.8 2.5 1.1
v 1 2.5 1.1
v 1.1 2.5 1.1
v 1 2.5 0
v 1.1 2.5 0
v 1.2 2.5 0
v 0.9 2.5 -0.1
v 1 2.5 -0.1
v 0.8 2.5 -0.2
v 0.9 2.5 -0.2
v 1 2.5 -0.2
v 1.1 2.5 -0.2
v 0.8 2.5 -0.3
v 0.9 2.5 -0.3
v 0.7 2.5 -0.4
v 0.8 2.5 -0.4
v 0.9 2.5 -0.4
v 1 2.5 -0.4
v 0.6 2.5 -0.5
v 0.7 2.5 -0.5
v 0.8 2.5 -0.5
v 0.9 2.5 -0.5
v 0.5 2.5 -0.6
v 0.6 2.5 -0.6
v 0.7 2.5 -0.6
v 0.8 2.5 -0.6
v 0.5 2.5 -0.7
v 0.7 2.5 -0.7
v -0.3 2.6 1.3
v 0.3 2.6 1.3
v 0.4 2.6 1.3
v 0.6 2.6 1.3
v 0.8 2.6 1.3
v 0.9 2.6 1.3
v -0.5 2.6 1.2
v -0.4 2.6 1.2
v -0.3 2.6 1.2
v 0.3 2.6 1.2
v 0.4 2.6 1.2
v 0.6 2.6 1.2
v -0.5 2.6 1.1
v -0.4 2.6 1.1
v 0.8 2.6 1.1
v 0.9 2.6 1.1
v -0.9 2.6 1
v -0.8 2.6 1
v 1 2.6 0.8
v 1.1 2.6 0.8
v 1 2.6 0.5
v 1.1 2.6 0.5
v 0.9 2.6 0.0999999
v 1 2.6 0.0999999
v 1.1 2.6 0.0999999
v 1 2.6 0
v 1.1 2.6 0
v 0.8 2.6 -0.1
v 0.9 2.6 -0.1
v 1 2.6 -0.1
v 0.8 2.6 -0.2
v 0.9 2.6 -0.2
v 0.7 2.6 -0.3
v 0.8 2.6 -0.3
v 0.7 2.6 -0.4
v 0.8 2.6 -0.4
v 0.5 2.6 -0.5
v 0.6 2.6 -0.5
v -0.9 2.6 -0.6
v -0.8 2.6 -0.6
v 0.5 2.6 -0.6
v 0.6 2.6 -0.6
v -0.7 2.6 -0.8
v 0.5 2.6 -0.8
v -0.7 2.6 -0.9
v 0.5 2.6 -0.9
v 0.9 2.7 1.3
v 1 2.7 1.3
v 1 2.7 1.2
v 1.1 2.7 1.2
v -0.8 2.7 1.1
v -0.6 2.7 1.1
v 0.9 2.7 1.1
v 1 2.7 1.1
v -0.7 2.7 1
v -0.6 2.7 1
v 1 2.7 0.8
v 1.1 2.7 0.8
v 1 2.7 0.5
v 1.1 2.7 0.5
v 1 2.7 0.0999999
v 1.1 2.7 0.0999999
v 0.8 2.7 0
v 0.9 2.7 0
v 0.8 2.7 -0.1
v 0.9 2.7 -0.1
v 0.7 2.7 -0.2
v 0.8 2.7 -0.2
v 0.7 2.7 -0.3
v 0.8 2.7 -0.3
v 0.4 2.7 -0.4
v 0.7 2.7 -0.4
v -0.7 2.7 -0.5
v -0.6 2.7 -0.5
v 0.5 2.7 -0.5
v 0.7 2.7 -0.5
v -0.6 2.7 -0.6
v 0.4 2.7 -0.6
v -0.8 2.7 -0.8
v 0.5 2.7 -0.8
v 1 2.8 1.3
v 1.1 2.8 1.3
v -0.4 2.8 1.2
v 0.7 2.8 1.2
v 1 2.8 1.2
v 1.1 2.8 1.2
v -0.6 2.8 1.1
v -0.4 2.8 1.1
v 0.7 2.8 1.1
v 1 2.8 1.1
v -0.7 2.8 1
v -0.6 2.8 1
v -0.6 2.8 0.9
v 0.9 2.8 0.9
v 0.9 2.8 0.0999999
v 1 2.8 0.0999999
v -0.6 2.8 -0.3
v 0.7 2.8 -0.3
v 0.4 2.8 -0.4
v 0.7 2.8 -0.4
v -0.7 2.8 -0.5
v -0.6 2.8 -0.5
v -0.6 2.8 -0.6
v 0.4 2.8 -0.6
v -0.6 2.9 0.9
v 0.9 2.9 0.9
v -0.5 2.9 0.8
v 0.6 2.9 0.8
v 0.8 2.9 0
v 0.9 2.9 0
v -0.5 2.9 -0.2
v 0.6 2.9 -0.2
v 0.7 2.9 -0.2
v 0.8 2.9 -0.2
v -0.6 2.9 -0.3
v 0.7 2.9 -0.3
v -0.5 3 0.8
v 0.6 3 0.8
v -0.4 3 0.7
v 0.5 3 0.7
v -0.4 3 -0.1
v 0.5 3 -0.1
v -0.5 3 -0.2
v 0.6 3 -0.2
v -0.4 3.1 0.7
v 0.5 3.1 0.7
v -0.4 3.1 -0.1
v 0.5 3.1 -0.1

# faces
f 3/6/1 2/6/1 1/6/1
f 4/6/1 2/6/1 3/6/1
f 7/1/1 6/1/1 5/1/1
f 9/1/1 7/1/1 5/1/1
f 9/1/1 8/1/1 7/1/1
f 10/1/1 8/1/1 9/1/1
f 13/1/1 12/1/1 11/1/1
f 14/1/1 12/1/1 13/1/1
f 19/2/1 16/2/1 15/2/1
f 20/2/1 16/2/1 19/2/1
f 21/2/1 18/2/1 17/2/1
f 22/2/1 18/2/1 21/2/1
f 25/6/1 24/6/1 23/6/1
f 27/6/1 25/6/1 23/6/1
f 28/6/1 25/6/1 27/6/1
f 29/2/1 26/2/1 25/2/1
f 29/6/1 25/6/1 28/6/1
f 32/6/1 31/6/1 30/6/1
f 33/6/1 31/6/1 32/6/1
f 36/2/1 35/2/1 34/2/1
f 37/2/1 35/2/1 36/2/1
f 38/2/1 35/2/1 37/2/1
f 39/2/1 26/2/1 29/2/1
f 40/2/1 38/2/1 37/2/1
f 40/2/1 39/2/1 38/2/1
f 40/2/1 26/2/1 39/2/1
f 41/2/1 26/2/1 40/2/1
f 42/2/1 40/2/1 37/2/1
f 43/2/1 40/2/1 42/2/1
f 44/2/1 36/2/1 34/2/1
f 45/2/1 42/2/1 37/2/1
f 46/2/1 42/2/1 45/2/1
f 47/2/1 42/2/1 46/2/1
f 48/2/1 44/2/1 34/2/1
f 48/2/1 45/2/1 44/2/1
f 48/2/1 46/2/1 45/2/1
f 49/2/1 46/2/1 48/2/1
f 53/6/1 51/6/1 50/6/1
f 54/6/1 53/6/1 52/6/1
f 55/6/1 51/6/1 53/6/1
f 55/6/1 53/6/1 54/6/1
f 60/1/1 59/1/1 58/1/1
f 61/1/1 59/1/1 60/1/1
f 62/1/1 57/1/1 56/1/1
f 63/1/1 57/1/1 62/1/1
f 65/1/1 64/1/1 63/1/1
f 66/1/1 64/1/1 65/1/1
f 69/9/1 68/9/1 67/9/1
f 70/9/1 68/9/1 69/9/1
f 71/6/1 70/6/1 69/6/1
f 72/6/1 70/6/1 71/6/1
f 75/6/1 74/6/1 73/6/1
f 76/6/1 74/6/1 75/6/1
f 77/6/1 70/6/1 72/6/1
f 78/6/1 70/6/1 77/6/1
f 82/6/1 77/6/1 76/6/1
f 83/6/1 77/6/1 82/6/1
f 84/2/1 82/2/1 81/2/1
f 85/2/1 82/2/1 84/2/1
f 86/2/1 82/2/1 85/2/1
f 87/2/1 82/2/1 86/2/1
f 90/2/1 82/2/1 87/2/1
f 91/2/1 82/2/1 90/2/1
f 92/2/1 89/2/1 88/2/1
f 93/2/1 80/2/1 79/2/1
f 94/2/1 92/2/1 91/2/1
f 95/2/1 92/2/1 94/2/1
f 96/2/1 89/2/1 92/2/1
f 96/2/1 92/2/1 95/2/1
f 97/2/1 89/2/1 96/2/1
f 98/2/1 93/2/1 79/2/1
f 99/2/1 93/2/1 98/2/1
f 100/6/1 96/6/1 95/6/1
f 101/6/1 96/6/1 100/6/1
f 102/2/1 98/2/1 79/2/1
f 103/2/1 98/2/1 102/2/1
f 104/6/1 100/6/1 95/6/1
f 105/6/1 100/6/1 104/6/1
f 106/6/1 103/6/1 102/6/1
f 106/6/1 104/6/1 103/6/1
f 107/6/1 104/6/1 106/6/1
f 112/1/1 111/1/1 110/1/1
f 113/1/1 111/1/1 112/1/1
f 114/1/1 109/1/1 108/1/1
f 118/1/1 115/1/1 114/1/1
f 121/1/1 114/1/1 108/1/1
f 121/1/1 119/1/1 118/1/1
f 121/1/1 118/1/1 114/1/1
f 122/1/1 119/1/1 121/1/1
f 123/9/1 121/9/1 120/9/1
f 124/9/1 121/9/1 123/9/1
f 128/6/1 124/6/1 123/6/1
f 129/9/1 126/9/1 125/9/1
f 130/9/1 126/9/1 129/9/1
f 131/9/1 128/9/1 127/9/1
f 132/6/1 124/6/1 128/6/1
f 132/9/1 128/9/1 131/9/1
f 133/10/1 132/10/1 131/10/1
f 134/6/1 124/6/1 132/6/1
f 134/10/1 132/10/1 133/10/1
f 135/6/1 124/6/1 134/6/1
f 136/9/1 134/9/1 133/9/1
f 137/9/1 134/9/1 136/9/1
f 140/8/1 137/8/1 136/8/1
f 141/8/1 137/8/1 140/8/1
f 142/10/1 141/10/1 140/10/1
f 143/10/1 141/10/1 142/10/1
f 144/6/1 130/6/1 129/6/1
f 145/6/1 130/6/1 144/6/1
f 146/2/1 139/2/1 138/2/1
f 147/2/1 139/2/1 146/2/1
f 150/2/1 117/2/1 116/2/1
f 151/2/1 117/2/1 150/2/1
f 152/2/1 149/2/1 148/2/1
f 154/2/1 153/2/1 152/2/1
f 156/2/1 155/2/1 154/2/1
f 158/2/1 152/2/1 148/2/1
f 158/2/1 157/2/1 156/2/1
f 158/2/1 156/2/1 154/2/1
f 158/2/1 154/2/1 152/2/1
f 159/2/1 157/2/1 158/2/1
f 163/6/1 161/6/1 160/6/1
f 166/6/1 165/6/1 164/6/1
f 167/6/1 163/6/1 162/6/1
f 168/6/1 166/6/1 164/6/1
f 168/6/1 167/6/1 166/6/1
f 169/6/1 161/6/1 163/6/1
f 169/6/1 167/6/1 168/6/1
f 169/6/1 163/6/1 167/6/1
f 174/1/1 171/1/1 170/1/1
f 175/1/1 171/1/1 174/1/1
f 181/9/1 177/9/1 176/9/1
f 182/9/1 177/9/1 181/9/1
f 183/9/1 179/9/1 178/9/1
f 184/9/1 179/9/1 183/9/1
f 185/9/1 181/9/1 180/9/1
f 186/6/1 182/6/1 181/6/1
f 186/9/1 181/9/1 185/9/1
f 189/9/1 188/9/1 187/9/1
f 190/9/1 189/9/1 187/9/1
f 191/9/1 190/9/1 187/9/1
f 192/9/1 191/9/1 187/9/1
f 193/9/1 191/9/1 192/9/1
f 197/6/1 186/6/1 185/6/1
f 198/6/1 182/6/1 186/6/1
f 198/6/1 186/6/1 197/6/1
f 199/9/1 194/9/1 193/9/1
f 200/6/1 195/6/1 194/6/1
f 200/9/1 194/9/1 199/9/1
f 201/6/1 195/6/1 200/6/1
f 202/6/1 197/6/1 196/6/1
f 203/6/1 197/6/1 202/6/1
f 206/2/1 173/2/1 172/2/1
f 207/2/1 173/2/1 206/2/1
f 208/4/1 205/4/1 204/4/1
f 209/4/1 205/4/1 208/4/1
f 212/2/1 211/2/1 210/2/1
f 213/2/1 211/2/1 212/2/1
f 216/2/1 215/2/1 214/2/1
f 217/2/1 215/2/1 216/2/1
f 220/6/1 219/6/1 218/6/1
f 221/6/1 219/6/1 220/6/1
f 224/6/1 223/6/1 222/6/1
f 225/6/1 223/6/1 224/6/1
f 228/1/1 227/1/1 226/1/1
f 229/1/1 227/1/1 228/1/1
f 236/9/1 233/9/1 232/9/1
f 237/9/1 233/9/1 236/9/1
f 241/9/1 239/9/1 238/9/1
f 242/9/1 239/9/1 241/9/1
f 243/10/1 241/10/1 240/10/1
f 244/10/1 241/10/1 243/10/1
f 245/9/1 244/9/1 243/9/1
f 246/9/1 244/9/1 245/9/1
f 247/8/1 246/8/1 245/8/1
f 248/8/1 246/8/1 247/8/1
f 249/10/1 248/10/1 247/10/1
f 250/10/1 248/10/1 249/10/1
f 253/6/1 237/6/1 236/6/1
f 254/6/1 237/6/1 253/6/1
f 255/9/1 251/9/1 250/9/1
f 256/9/1 251/9/1 255/9/1
f 257/6/1 253/6/1 252/6/1
f 258/6/1 253/6/1 257/6/1
f 261/2/1 235/2/1 234/2/1
f 262/2/1 235/2/1 261/2/1
f 263/4/1 260/4/1 259/4/1
f 264/4/1 260/4/1 263/4/1
f 265/2/1 231/2/1 230/2/1
f 266/2/1 231/2/1 265/2/1
f 269/4/1 263/4/1 259/4/1
f 270/4/1 263/4/1 269/4/1
f 273/2/1 268/2/1 267/2/1
f 274/2/1 268/2/1 273/2/1
f 275/4/1 271/4/1 270/4/1
f 276/4/1 271/4/1 275/4/1
f 278/2/1 273/2/1 272/2/1
f 279/2/1 273/2/1 278/2/1
f 280/2/1 273/2/1 279/2/1
f 281/1/1 276/1/1 275/1/1
f 282/1/1 276/1/1 281/1/1
f 285/2/1 278/2/1 277/2/1
f 285/2/1 279/2/1 278/2/1
f 286/2/1 279/2/1 285/2/1
f 287/2/1 279/2/1 286/2/1
f 288/2/1 279/2/1 287/2/1
f 289/2/1 284/2/1 283/2/1
f 290/2/1 284/2/1 289/2/1
f 291/2/1 284/2/1 290/2/1
f 296/6/1 293/6/1 292/6/1
f 297/6/1 293/6/1 296/6/1
f 300/6/1 295/6/1 294/6/1
f 301/6/1 295/6/1 300/6/1
f 302/6/1 299/6/1 298/6/1
f 303/6/1 299/6/1 302/6/1
f 306/1/1 305/1/1 304/1/1
f 307/1/1 305/1/1 306/1/1
f 309/1/1 308/1/1 307/1/1
f 310/1/1 308/1/1 309/1/1
f 313/9/1 312/9/1 311/9/1
f 314/9/1 312/9/1 313/9/1
f 315/6/1 314/6/1 313/6/1
f 322/9/1 317/9/1 316/9/1
f 323/9/1 317/9/1 322/9/1
f 324/6/1 319/6/1 318/6/1
f 325/6/1 321/6/1 320/6/1
f 326/6/1 321/6/1 325/6/1
f 327/6/1 324/6/1 318/6/1
f 328/6/1 327/6/1 318/6/1
f 329/6/1 328/6/1 318/6/1
f 330/6/1 328/6/1 329/6/1
f 332/6/1 314/6/1 315/6/1
f 333/6/1 314/6/1 332/6/1
f 334/6/1 332/6/1 331/6/1
f 335/6/1 332/6/1 334/6/1
f 340/1/1 337/1/1 336/1/1
f 341/1/1 337/1/1 340/1/1
f 342/1/1 337/1/1 341/1/1
f 343/4/1 339/4/1 338/4/1
f 344/4/1 339/4/1 343/4/1
f 346/4/1 345/4/1 344/4/1
f 347/4/1 345/4/1 346/4/1
f 350/2/1 349/2/1 348/2/1
f 351/2/1 349/2/1 350/2/1
f 354/6/1 353/6/1 352/6/1
f 355/6/1 353/6/1 354/6/1
f 358/1/1 357/1/1 356/1/1
f 360/1/1 359/1/1 358/1/1
f 363/1/1 358/1/1 356/1/1
f 363/1/1 361/1/1 360/1/1
f 363/1/1 360/1/1 358/1/1
f 368/3/1 363/3/1 362/3/1
f 369/1/1 361/1/1 363/1/1
f 369/3/1 363/3/1 368/3/1
f 372/6/1 365/6/1 364/6/1
f 373/6/1 365/6/1 372/6/1
f 376/6/1 367/6/1 366/6/1
f 377/6/1 367/6/1 376/6/1
f 378/1/1 361/1/1 369/1/1
f 379/1/1 361/1/1 378/1/1
f 380/6/1 375/6/1 374/6/1
f 381/6/1 375/6/1 380/6/1
f 382/1/1 378/1/1 369/1/1
f 383/1/1 378/1/1 382/1/1
f 384/1/1 378/1/1 383/1/1
f 385/6/1 371/6/1 370/6/1
f 386/6/1 371/6/1 385/6/1
f 387/6/1 371/6/1 386/6/1
f 388/6/1 371/6/1 387/6/1
f 392/6/1 389/6/1 388/6/1
f 393/6/1 389/6/1 392/6/1
f 394/6/1 391/6/1 390/6/1
f 395/6/1 391/6/1 394/6/1
f 398/4/1 397/4/1 396/4/1
f 399/4/1 397/4/1 398/4/1
f 402/7/1 401/7/1 400/7/1
f 403/7/1 401/7/1 402/7/1
f 406/9/1 405/9/1 404/9/1
f 407/9/1 405/9/1 406/9/1
f 410/6/1 409/6/1 408/6/1
f 411/6/1 409/6/1 410/6/1
f 414/1/1 413/1/1 412/1/1
f 415/1/1 413/1/1 414/1/1
f 416/1/1 413/1/1 415/1/1
f 417/6/1 416/6/1 415/6/1
f 424/6/1 417/6/1 415/6/1
f 425/6/1 417/6/1 424/6/1
f 426/6/1 419/6/1 418/6/1
f 426/9/1 420/9/1 419/9/1
f 427/6/1 421/6/1 420/6/1
f 427/9/1 420/9/1 426/9/1
f 428/6/1 421/6/1 427/6/1
f 429/1/1 423/1/1 422/1/1
f 430/1/1 423/1/1 429/1/1
f 433/6/1 432/6/1 431/6/1
f 434/6/1 432/6/1 433/6/1
f 437/6/1 436/6/1 435/6/1
f 438/6/1 436/6/1 437/6/1
f 439/6/1 426/6/1 418/6/1
f 440/6/1 426/6/1 439/6/1
f 443/7/1 442/7/1 441/7/1
f 444/7/1 442/7/1 443/7/1
f 447/2/1 446/2/1 445/2/1
f 448/2/1 446/2/1 447/2/1
f 453/9/1 450/9/1 449/9/1
f 454/9/1 450/9/1 453/9/1
f 455/1/1 452/1/1 451/1/1
f 456/1/1 452/1/1 455/1/1
f 459/1/1 458/1/1 457/1/1
f 460/1/1 458/1/1 459/1/1
f 463/1/1 462/1/1 461/1/1
f 464/1/1 462/1/1 463/1/1
f 467/2/1 466/2/1 465/2/1
f 470/2/1 467/2/1 465/2/1
f 470/2/1 468/2/1 467/2/1
f 471/2/1 470/2/1 469/2/1
f 472/2/1 468/2/1 470/2/1
f 472/2/1 470/2/1 471/2/1
f 475/3/1 474/3/1 473/3/1
f 476/3/1 474/3/1 475/3/1
f 480/1/1 478/1/1 477/1/1
f 480/1/1 479/1/1 478/1/1
f 481/1/1 479/1/1 480/1/1
f 484/2/1 483/2/1 482/2/1
f 485/2/1 483/2/1 484/2/1
f 488/2/1 487/2/1 486/2/1
f 489/2/1 487/2/1 488/2/1
f 492/3/1 491/3/1 490/3/1
f 493/3/1 491/3/1 492/3/1
f 494/2/1 487/2/1 489/2/1
f 497/6/1 496/6/1 495/6/1
f 498/6/1 496/6/1 497/6/1
f 499/2/1 487/2/1 494/2/1
f 500/2/1 487/2/1 499/2/1
f 505/3/1 502/3/1 501/3/1
f 506/3/1 502/3/1 505/3/1
f 509/3/1 508/3/1 507/3/1
f 510/3/1 508/3/1 509/3/1
f 512/2/1 504/2/1 503/2/1
f 514/2/1 512/2/1 511/2/1
f 515/2/1 514/2/1 513/2/1
f 516/2/1 504/2/1 512/2/1
f 516/2/1 514/2/1 515/2/1
f 516/2/1 512/2/1 514/2/1
f 519/7/1 518/7/1 517/7/1
f 520/7/1 518/7/1 519/7/1
f 523/1/1 522/1/1 521/1/1
f 524/1/1 522/1/1 523/1/1
f 525/1/1 522/1/1 524/1/1
f 526/6/1 525/6/1 524/6/1
f 527/6/1 525/6/1 526/6/1
f 529/6/1 526/6/1 524/6/1
f 530/6/1 529/6/1 528/6/1
f 531/6/1 526/6/1 529/6/1
f 531/6/1 529/6/1 530/6/1
f 532/6/1 526/6/1 531/6/1
f 535/7/1 534/7/1 533/7/1
f 536/7/1 534/7/1 535/7/1
f 539/2/1 538/2/1 537/2/1
f 540/2/1 538/2/1 539/2/1
f 544/2/1 542/2/1 541/2/1
f 545/2/1 542/2/1 544/2/1
f 547/2/1 544/2/1 543/2/1
f 549/2/1 547/2/1 546/2/1
f 551/2/1 549/2/1 548/2/1
f 552/2/1 544/2/1 547/2/1
f 552/2/1 547/2/1 549/2/1
f 552/2/1 549/2/1 551/2/1
f 553/2/1 544/2/1 552/2/1
f 554/2/1 551/2/1 550/2/1
f 554/2/1 552/2/1 551/2/1
f 555/2/1 552/2/1 554/2/1
f 558/2/1 554/2/1 550/2/1
f 559/2/1 554/2/1 558/2/1
f 560/1/1 557/1/1 556/1/1
f 561/1/1 557/1/1 560/1/1
f 562/2/1 558/2/1 550/2/1
f 563/2/1 558/2/1 562/2/1
f 564/2/1 554/2/1 559/2/1
f 565/2/1 554/2/1 564/2/1
f 568/2/1 567/2/1 566/2/1
f 570/2/1 568/2/1 566/2/1
f 570/2/1 569/2/1 568/2/1
f 571/2/1 569/2/1 570/2/1
f 574/2/1 573/2/1 572/2/1
f 575/2/1 573/2/1 574/2/1
f 576/2/1 573/2/1 575/2/1
f 579/2/1 578/2/1 577/2/1
f 580/2/1 578/2/1 579/2/1
f 583/2/1 582/2/1 581/2/1
f 584/2/1 582/2/1 583/2/1
f 588/2/1 586/2/1 585/2/1
f 588/2/1 587/2/1 586/2/1
f 589/2/1 587/2/1 588/2/1
f 592/2/1 591/2/1 590/2/1
f 593/2/1 592/2/1 590/2/1
f 595/2/1 594/2/1 593/2/1
f 596/2/1 594/2/1 595/2/1
f 597/2/1 593/2/1 590/2/1
f 597/2/1 595/2/1 593/2/1
f 598/2/1 595/2/1 597/2/1
f 599/2/1 595/2/1 598/2/1
f 600/2/1 595/2/1 599/2/1
f 603/2/1 602/2/1 601/2/1
f 604/2/1 602/2/1 603/2/1
f 608/2/1 606/2/1 605/2/1
f 609/2/1 606/2/1 608/2/1
f 610/2/1 606/2/1 609/2/1
f 613/2/1 608/2/1 607/2/1
f 613/2/1 609/2/1 608/2/1
f 614/2/1 609/2/1 613/2/1
f 615/2/1 612/2/1 611/2/1
f 616/2/1 612/2/1 615/2/1
f 617/2/1 613/2/1 607/2/1
f 618/2/1 613/2/1 617/2/1
f 619/2/1 612/2/1 616/2/1
f 620/2/1 612/2/1 619/2/1
f 621/2/1 617/2/1 607/2/1
f 622/2/1 617/2/1 621/2/1
f 623/2/1 621/2/1 607/2/1
f 624/2/1 621/2/1 623/2/1
f 625/2/1 623/2/1 607/2/1
f 626/2/1 623/2/1 625/2/1
f 629/2/1 628/2/1 627/2/1
f 630/2/1 628/2/1 629/2/1
f 633/2/1 632/2/1 631/2/1
f 634/2/1 632/2/1 633/2/1
f 637/2/1 636/2/1 635/2/1
f 640/2/1 637/2/1 635/2/1
f 640/2/1 638/2/1 637/2/1
f 641/2/1 638/2/1 640/2/1
f 642/2/1 638/2/1 641/2/1
f 643/2/1 640/2/1 639/2/1
f 643/2/1 641/2/1 640/2/1
f 644/2/1 641/2/1 643/2/1
f 645/2/1 643/2/1 639/2/1
f 646/2/1 643/2/1 645/2/1
f 647/6/2 648/6/2 649/6/2
f 649/6/2 648/6/2 650/6/2
f 651/6/2 652/6/2 653/6/2
f 653/6/2 652/6/2 654/6/2
f 655/1/2 656/1/2 659/1/2
f 659/1/2 656/1/2 660/1/2
f 657/6/2 658/6/2 661/6/2
f 661/6/2 658/6/2 662/6/2
f 663/9/2 664/9/2 665/9/2
f 665/9/2 664/9/2 666/9/2
f 665/6/2 666/6/2 667/6/2
f 665/6/2 667/6/2 668/6/2
f 668/6/2 667/6/2 669/6/2
f 671/2/2 672/2/2 674/2/2
f 672/2/2 673/2/2 674/2/2
f 670/2/2 671/2/2 674/2/2
f 674/2/2 673/2/2 675/2/2
f 676/2/2 677/2/2 679/2/2
f 679/2/2 677/2/2 680/2/2
f 680/2/2 677/2/2 681/2/2
f 678/2/2 679/2/2 682/2/2
f 679/2/2 680/2/2 682/2/2
f 682/2/2 680/2/2 683/2/2
f 686/6/2 687/6/2 688/6/2
f 688/6/2 687/6/2 689/6/2
f 684/1/2 685/1/2 690/1/2
f 690/1/2 685/1/2 691/1/2
f 692/9/2 693/9/2 694/9/2
f 694/9/2 693/9/2 695/9/2
f 694/6/2 695/6/2 696/6/2
f 696/6/2 695/6/2 697/6/2
f 698/1/2 699/1/2 700/1/2
f 700/1/2 699/1/2 701/1/2
f 702/9/2 703/9/2 707/9/2
f 707/9/2 703/9/2 708/9/2
f 704/9/2 705/9/2 709/9/2
f 709/9/2 705/9/2 710/9/2
f 706/9/2 707/9/2 711/9/2
f 707/6/2 708/6/2 712/6/2
f 711/9/2 707/9/2 712/9/2
f 709/9/2 710/9/2 713/9/2
f 713/9/2 710/9/2 714/9/2
f 711/6/2 712/6/2 715/6/2
f 712/6/2 708/6/2 716/6/2
f 715/6/2 712/6/2 716/6/2
f 713/10/2 714/10/2 717/10/2
f 717/10/2 714/10/2 718/10/2
f 719/2/2 720/2/2 723/2/2
f 721/9/2 722/9/2 725/9/2
f 725/9/2 722/9/2 726/9/2
f 723/2/2 724/2/2 727/2/2
f 719/2/2 723/2/2 727/2/2
f 724/2/2 725/2/2 727/2/2
f 727/2/2 725/2/2 728/2/2
f 728/2/2 725/2/2 729/2/2
f 729/2/2 725/2/2 730/2/2
f 731/1/2 732/1/2 736/1/2
f 736/1/2 732/1/2 737/1/2
f 733/1/2 734/1/2 738/1/2
f 738/1/2 734/1/2 739/1/2
f 735/1/2 736/1/2 742/1/2
f 737/1/2 732/1/2 743/1/2
f 743/1/2 732/1/2 744/1/2
f 740/9/2 741/9/2 745/9/2
f 745/9/2 741/9/2 746/9/2
f 735/1/2 742/1/2 749/1/2
f 749/1/2 742/1/2 750/1/2
f 747/9/2 748/9/2 752/9/2
f 752/9/2 748/9/2 753/9/2
f 749/9/2 750/9/2 754/9/2
f 754/9/2 750/9/2 755/9/2
f 745/6/2 746/6/2 759/6/2
f 759/6/2 746/6/2 760/6/2
f 751/10/2 752/10/2 761/10/2
f 752/9/2 753/9/2 762/9/2
f 761/10/2 752/10/2 762/10/2
f 762/9/2 753/9/2 763/9/2
f 756/9/2 757/9/2 764/9/2
f 757/6/2 758/6/2 765/6/2
f 764/9/2 757/9/2 765/9/2
f 765/6/2 758/6/2 766/6/2
f 761/9/2 762/9/2 767/9/2
f 767/9/2 762/9/2 768/9/2
f 767/8/2 768/8/2 769/8/2
f 769/8/2 768/8/2 770/8/2
f 769/10/2 770/10/2 771/10/2
f 771/10/2 770/10/2 772/10/2
f 772/9/2 773/9/2 776/9/2
f 776/9/2 773/9/2 777/9/2
f 774/6/2 775/6/2 778/6/2
f 778/6/2 775/6/2 779/6/2
f 780/2/2 781/2/2 782/2/2
f 782/2/2 781/2/2 783/2/2
f 784/1/2 785/1/2 786/1/2
f 786/1/2 785/1/2 787/1/2
f 787/1/2 785/1/2 788/1/2
f 786/9/2 787/9/2 789/9/2
f 789/9/2 787/9/2 790/9/2
f 791/2/2 792/2/2 794/2/2
f 794/2/2 792/2/2 795/2/2
f 793/2/2 794/2/2 796/2/2
f 796/2/2 794/2/2 797/2/2
f 798/6/2 799/6/2 800/6/2
f 800/6/2 799/6/2 801/6/2
f 802/4/2 803/4/2 804/4/2
f 804/4/2 803/4/2 805/4/2
f 806/4/2 807/4/2 808/4/2
f 808/4/2 807/4/2 809/4/2
f 810/2/2 811/2/2 813/2/2
f 813/2/2 811/2/2 814/2/2
f 812/2/2 813/2/2 815/2/2
f 815/2/2 813/2/2 816/2/2
f 817/1/2 818/1/2 819/1/2
f 819/1/2 818/1/2 820/1/2
f 821/3/2 822/3/2 823/3/2
f 823/3/2 822/3/2 824/3/2
f 825/6/2 826/6/2 827/6/2
f 827/6/2 826/6/2 828/6/2
f 829/6/2 830/6/2 831/6/2
f 831/6/2 830/6/2 832/6/2
f 833/2/2 834/2/2 835/2/2
f 835/2/2 834/2/2 836/2/2
f 837/1/2 838/1/2 839/1/2
f 839/1/2 838/1/2 840/1/2
f 840/1/2 838/1/2 841/1/2
f 841/1/2 838/1/2 842/1/2
f 837/1/2 839/1/2 843/1/2
f 843/1/2 839/1/2 844/1/2
f 844/1/2 839/1/2 845/1/2
f 846/6/2 847/6/2 848/6/2
f 848/6/2 847/6/2 849/6/2
f 850/6/2 851/6/2 853/6/2
f 853/6/2 851/6/2 854/6/2
f 852/6/2 853/6/2 855/6/2
f 855/6/2 853/6/2 856/6/2
f 857/9/2 858/9/2 859/9/2
f 859/9/2 858/9/2 860/9/2
f 861/1/2 862/1/2 863/1/2
f 863/1/2 862/1/2 864/1/2
f 864/1/2 862/1/2 865/1/2
f 866/1/2 867/1/2 868/1/2
f 868/1/2 869/1/2 870/1/2
f 866/1/2 868/1/2 875/1/2
f 868/1/2 870/1/2 875/1/2
f 870/1/2 871/1/2 875/1/2
f 871/9/2 872/9/2 876/9/2
f 875/1/2 871/1/2 876/1/2
f 876/9/2 872/9/2 877/9/2
f 873/9/2 874/9/2 878/9/2
f 878/9/2 874/9/2 879/9/2
f 866/1/2 875/1/2 880/1/2
f 880/1/2 875/1/2 881/1/2
f 876/6/2 877/6/2 882/6/2
f 864/6/2 865/6/2 883/6/2
f 883/6/2 865/6/2 884/6/2
f 878/6/2 879/6/2 885/6/2
f 879/9/2 880/9/2 886/9/2
f 885/6/2 879/6/2 886/6/2
f 886/9/2 880/9/2 887/9/2
f 864/6/2 883/6/2 889/6/2
f 886/6/2 887/6/2 890/6/2
f 885/6/2 886/6/2 890/6/2
f 890/6/2 887/6/2 891/6/2
f 888/6/2 889/6/2 892/6/2
f 889/6/2 883/6/2 893/6/2
f 892/6/2 889/6/2 893/6/2
f 893/6/2 883/6/2 894/6/2
f 882/6/2 877/6/2 896/6/2
f 896/6/2 877/6/2 897/6/2
f 895/6/2 896/6/2 899/6/2
f 899/6/2 896/6/2 900/6/2
f 898/6/2 899/6/2 901/6/2
f 901/6/2 899/6/2 902/6/2
f 903/9/2 904/9/2 905/9/2
f 905/9/2 904/9/2 906/9/2
f 907/9/2 908/9/2 910/9/2
f 910/9/2 908/9/2 911/9/2
f 909/9/2 910/9/2 914/9/2
f 910/6/2 911/6/2 915/6/2
f 914/9/2 910/9/2 915/9/2
f 912/6/2 913/6/2 916/6/2
f 916/6/2 913/6/2 917/6/2
f 914/6/2 915/6/2 918/6/2
f 917/6/2 918/6/2 921/6/2
f 921/6/2 918/6/2 922/6/2
f 919/3/2 920/3/2 923/3/2
f 923/3/2 920/3/2 924/3/2
f 915/6/2 911/6/2 927/6/2
f 922/6/2 918/6/2 927/6/2
f 918/6/2 915/6/2 927/6/2
f 927/6/2 911/6/2 928/6/2
f 925/3/2 926/3/2 929/3/2
f 929/3/2 926/3/2 930/3/2
f 922/6/2 927/6/2 931/6/2
f 931/6/2 927/6/2 932/6/2
f 933/6/2 934/6/2 935/6/2
f 935/6/2 934/6/2 936/6/2
f 936/6/2 937/6/2 938/6/2
f 938/6/2 937/6/2 939/6/2
f 939/6/2 940/6/2 942/6/2
f 941/6/2 942/6/2 943/6/2
f 942/6/2 940/6/2 944/6/2
f 943/6/2 942/6/2 944/6/2
f 945/2/2 946/2/2 947/2/2
f 947/2/2 946/2/2 948/2/2
f 949/3/2 950/3/2 953/3/2
f 953/3/2 950/3/2 954/3/2
f 951/6/2 952/6/2 955/6/2
f 955/6/2 952/6/2 956/6/2
f 956/6/2 957/6/2 959/6/2
f 959/6/2 957/6/2 960/6/2
f 958/6/2 959/6/2 961/6/2
f 961/6/2 959/6/2 962/6/2
f 963/1/2 964/1/2 966/1/2
f 964/1/2 965/1/2 966/1/2
f 966/1/2 965/1/2 967/1/2
f 968/2/2 969/2/2 972/2/2
f 972/2/2 969/2/2 973/2/2
f 970/2/2 971/2/2 974/2/2
f 970/2/2 974/2/2 977/2/2
f 974/2/2 975/2/2 977/2/2
f 977/2/2 975/2/2 978/2/2
f 976/2/2 977/2/2 979/2/2
f 979/2/2 977/2/2 980/2/2
f 981/6/2 982/6/2 983/6/2
f 983/6/2 982/6/2 984/6/2
f 984/6/2 985/6/2 989/6/2
f 989/6/2 985/6/2 990/6/2
f 986/3/2 987/3/2 991/3/2
f 991/3/2 987/3/2 992/3/2
f 988/6/2 989/6/2 993/6/2
f 993/6/2 989/6/2 994/6/2
f 995/1/2 996/1/2 997/1/2
f 997/1/2 996/1/2 998/1/2
f 999/2/2 1000/2/2 1002/2/2
f 1002/2/2 1000/2/2 1003/2/2
f 1001/2/2 1002/2/2 1004/2/2
f 1004/2/2 1002/2/2 1005/2/2
f 1006/2/2 1007/2/2 1008/2/2
f 1008/2/2 1007/2/2 1009/2/2
f 1010/6/2 1011/6/2 1012/6/2
f 1012/6/2 1011/6/2 1013/6/2
f 1014/2/2 1015/2/2 1016/2/2
f 1016/2/2 1015/2/2 1017/2/2
f 1018/6/2 1019/6/2 1021/6/2
f 1019/9/2 1020/9/2 1022/9/2
f 1021/6/2 1019/6/2 1022/6/2
f 1022/9/2 1020/9/2 1023/9/2
f 1023/6/2 1024/6/2 1025/6/2
f 1023/6/2 1025/6/2 1027/6/2
f 1025/6/2 1026/6/2 1027/6/2
f 1027/6/2 1026/6/2 1028/6/2
f 1023/6/2 1027/6/2 1031/6/2
f 1031/6/2 1027/6/2 1032/6/2
f 1029/6/2 1030/6/2 1033/6/2
f 1033/6/2 1030/6/2 1034/6/2
f 1035/6/2 1036/6/2 1038/6/2
f 1037/6/2 1038/6/2 1040/6/2
f 1038/6/2 1036/6/2 1041/6/2
f 1040/6/2 1038/6/2 1041/6/2
f 1041/6/2 1036/6/2 1042/6/2
f 1039/6/2 1040/6/2 1043/6/2
f 1040/6/2 1041/6/2 1043/6/2
f 1043/6/2 1041/6/2 1044/6/2
f 1045/6/2 1046/6/2 1047/6/2
f 1047/6/2 1046/6/2 1048/6/2
f 1049/2/2 1050/2/2 1051/2/2
f 1051/2/2 1050/2/2 1052/2/2
f 1053/2/2 1054/2/2 1055/2/2
f 1053/2/2 1055/2/2 1057/2/2
f 1055/2/2 1056/2/2 1057/2/2
f 1057/2/2 1056/2/2 1058/2/2
f 1058/2/2 1056/2/2 1061/2/2
f 1061/2/2 1056/2/2 1062/2/2
f 1059/6/2 1060/6/2 1063/6/2
f 1063/6/2 1060/6/2 1064/6/2
f 1065/6/2 1066/6/2 1070/6/2
f 1070/6/2 1066/6/2 1071/6/2
f 1067/6/2 1068/6/2 1074/6/2
f 1074/6/2 1068/6/2 1075/6/2
f 1069/6/2 1070/6/2 1076/6/2
f 1076/6/2 1070/6/2 1077/6/2
f 1072/2/2 1073/2/2 1079/2/2
f 1078/2/2 1079/2/2 1080/2/2
f 1079/2/2 1073/2/2 1080/2/2
f 1080/2/2 1073/2/2 1081/2/2
f 1078/2/2 1080/2/2 1082/2/2
f 1082/2/2 1080/2/2 1083/2/2
f 1084/9/2 1085/9/2 1086/9/2
f 1086/9/2 1085/9/2 1087/9/2
f 1088/2/2 1089/2/2 1092/2/2
f 1092/2/2 1089/2/2 1093/2/2
f 1090/6/2 1091/6/2 1094/6/2
f 1094/6/2 1091/6/2 1095/6/2
f 1096/6/2 1097/6/2 1098/6/2
f 1098/6/2 1097/6/2 1099/6/2
f 1100/1/2 1101/1/2 1102/1/2
f 1102/1/2 1101/1/2 1103/1/2
f 1103/1/2 1101/1/2 1104/1/2
f 1105/2/2 1106/2/2 1110/2/2
f 1110/2/2 1106/2/2 1111/2/2
f 1109/2/2 1110/2/2 1112/2/2
f 1112/2/2 1110/2/2 1113/2/2
f 1107/2/2 1108/2/2 1114/2/2
f 1114/2/2 1108/2/2 1115/2/2
f 1103/6/2 1104/6/2 1116/6/2
f 1116/6/2 1104/6/2 1117/6/2
f 1120/6/2 1121/6/2 1122/6/2
f 1122/6/2 1121/6/2 1123/6/2
f 1123/6/2 1124/6/2 1125/6/2
f 1125/6/2 1124/6/2 1126/6/2
f 1118/6/2 1119/6/2 1127/6/2
f 1127/6/2 1119/6/2 1128/6/2
f 1128/6/2 1119/6/2 1129/6/2
f 1126/6/2 1127/6/2 1130/6/2
f 1127/6/2 1128/6/2 1130/6/2
f 1130/6/2 1128/6/2 1131/6/2
f 1132/2/2 1133/2/2 1135/2/2
f 1135/2/2 1133/2/2 1136/2/2
f 1134/2/2 1135/2/2 1137/2/2
f 1137/2/2 1135/2/2 1138/2/2
f 1134/2/2 1137/2/2 1139/2/2
f 1139/2/2 1137/2/2 1140/2/2
f 1141/7/2 1142/7/2 1143/7/2
f 1143/7/2 1142/7/2 1144/7/2
f 1143/9/2 1144/9/2 1145/9/2
f 1145/9/2 1144/9/2 1146/9/2
f 1147/2/2 1148/2/2 1149/2/2
f 1149/2/2 1148/2/2 1150/2/2
f 1149/6/2 1150/6/2 1155/6/2
f 1155/6/2 1150/6/2 1156/6/2
f 1151/2/2 1152/2/2 1157/2/2
f 1157/2/2 1152/2/2 1158/2/2
f 1153/6/2 1154/6/2 1162/6/2
f 1162/6/2 1154/6/2 1163/6/2
f 1158/2/2 1159/2/2 1164/2/2
f 1164/2/2 1159/2/2 1165/2/2
f 1160/6/2 1161/6/2 1167/6/2
f 1166/6/2 1167/6/2 1169/6/2
f 1167/6/2 1161/6/2 1170/6/2
f 1169/6/2 1167/6/2 1170/6/2
f 1170/6/2 1161/6/2 1171/6/2
f 1164/9/2 1165/9/2 1172/9/2
f 1172/9/2 1165/9/2 1173/9/2
f 1168/6/2 1169/6/2 1174/6/2
f 1169/6/2 1170/6/2 1174/6/2
f 1174/6/2 1170/6/2 1175/6/2
f 1168/6/2 1174/6/2 1176/6/2
f 1176/6/2 1174/6/2 1177/6/2
f 1178/2/2 1179/2/2 1181/2/2
f 1180/2/2 1181/2/2 1182/2/2
f 1181/2/2 1179/2/2 1183/2/2
f 1182/2/2 1181/2/2 1183/2/2
f 1183/2/2 1184/2/2 1185/2/2
f 1185/2/2 1184/2/2 1186/2/2
f 1187/6/2 1188/6/2 1189/6/2
f 1189/6/2 1188/6/2 1190/6/2
f 1190/6/2 1188/6/2 1191/6/2
f 1191/6/2 1188/6/2 1192/6/2
f 1192/6/2 1188/6/2 1193/6/2
f 1193/6/2 1188/6/2 1194/6/2
f 1195/2/2 1196/2/2 1197/2/2
f 1197/2/2 1196/2/2 1198/2/2
f 1199/1/2 1200/1/2 1205/1/2
f 1205/1/2 1200/1/2 1206/1/2
f 1201/2/2 1202/2/2 1207/2/2
f 1207/2/2 1202/2/2 1208/2/2
f 1203/2/2 1204/2/2 1209/2/2
f 1199/1/2 1205/1/2 1211/1/2
f 1211/1/2 1205/1/2 1212/1/2
f 1209/2/2 1210/2/2 1213/2/2
f 1203/2/2 1209/2/2 1213/2/2
f 1213/2/2 1210/2/2 1214/2/2
f 1214/2/2 1210/2/2 1215/2/2
f 1211/2/2 1212/2/2 1216/2/2
f 1216/2/2 1212/2/2 1217/2/2
f 1216/1/2 1217/1/2 1220/1/2
f 1220/1/2 1217/1/2 1221/1/2
f 1218/6/2 1219/6/2 1225/6/2
f 1225/6/2 1219/6/2 1226/6/2
f 1223/6/2 1224/6/2 1228/6/2
f 1222/6/2 1223/6/2 1228/6/2
f 1228/6/2 1224/6/2 1229/6/2
f 1229/6/2 1224/6/2 1230/6/2
f 1227/6/2 1228/6/2 1232/6/2
f 1228/6/2 1229/6/2 1232/6/2
f 1232/6/2 1229/6/2 1233/6/2
f 1233/6/2 1229/6/2 1234/6/2
f 1231/6/2 1232/6/2 1235/6/2
f 1232/6/2 1233/6/2 1235/6/2
f 1235/6/2 1233/6/2 1236/6/2
f 1237/2/2 1238/2/2 1239/2/2
f 1239/2/2 1238/2/2 1240/2/2
f 1241/2/2 1242/2/2 1244/2/2
f 1243/2/2 1244/2/2 1246/2/2
f 1244/2/2 1242/2/2 1247/2/2
f 1246/2/2 1244/2/2 1247/2/2
f 1247/2/2 1242/2/2 1248/2/2
f 1245/2/2 1246/2/2 1249/2/2
f 1246/2/2 1247/2/2 1249/2/2
f 1249/2/2 1247/2/2 1250/2/2
f 1245/2/2 1249/2/2 1251/2/2
f 1251/2/2 1249/2/2 1252/2/2
f 1253/6/2 1254/6/2 1257/6/2
f 1257/6/2 1254/6/2 1258/6/2
f 1255/6/2 1256/6/2 1260/6/2
f 1260/6/2 1256/6/2 1261/6/2
f 1259/6/2 1260/6/2 1262/6/2
f 1262/6/2 1260/6/2 1263/6/2
f 1259/6/2 1262/6/2 1265/6/2
f 1264/6/2 1265/6/2 1266/6/2
f 1265/6/2 1262/6/2 1267/6/2
f 1266/6/2 1265/6/2 1267/6/2
f 1268/2/2 1269/2/2 1270/2/2
f 1270/2/2 1269/2/2 1271/2/2
f 1268/2/2 1270/2/2 1275/2/2
f 1275/2/2 1270/2/2 1276/2/2
f 1274/2/2 1275/2/2 1277/2/2
f 1277/2/2 1275/2/2 1278/2/2
f 1272/2/2 1273/2/2 1279/2/2
f 1279/2/2 1273/2/2 1280/2/2
f 1283/4/2 1284/4/2 1286/4/2
f 1286/4/2 1284/4/2 1287/4/2
f 1281/2/2 1282/2/2 1288/2/2
f 1288/2/2 1282/2/2 1289/2/2
f 1285/4/2 1286/4/2 1290/4/2
f 1290/4/2 1286/4/2 1291/4/2
f 1292/2/2 1293/2/2 1294/2/2
f 1294/2/2 1293/2/2 1295/2/2
f 1296/2/2 1297/2/2 1300/2/2
f 1300/2/2 1297/2/2 1301/2/2
f 1298/2/2 1299/2/2 1307/2/2
f 1307/2/2 1299/2/2 1308/2/2
f 1302/2/2 1303/2/2 1309/2/2
f 1303/2/2 1304/2/2 1309/2/2
f 1309/2/2 1304/2/2 1310/2/2
f 1305/2/2 1306/2/2 1313/2/2
f 1313/2/2 1306/2/2 1314/2/2
f 1311/6/2 1312/6/2 1316/6/2
f 1316/6/2 1312/6/2 1317/6/2
f 1315/6/2 1316/6/2 1319/6/2
f 1317/6/2 1318/6/2 1319/6/2
f 1316/6/2 1317/6/2 1319/6/2
f 1319/6/2 1318/6/2 1320/6/2
f 1321/2/2 1322/2/2 1323/2/2
f 1323/2/2 1322/2/2 1324/2/2
f 1324/2/2 1322/2/2 1325/2/2
f 1325/2/2 1322/2/2 1326/2/2
f 1327/2/2 1328/2/2 1329/2/2
f 1329/2/2 1328/2/2 1330/2/2
f 1331/2/2 1332/2/2 1334/2/2
f 1334/2/2 1332/2/2 1335/2/2
f 1333/2/2 1334/2/2 1336/2/2
f 1336/2/2 1334/2/2 1337/2/2
f 1338/2/2 1339/2/2 1341/2/2
f 1341/2/2 1339/2/2 1342/2/2
f 1340/2/2 1341/2/2 1342/2/2
f 1342/2/2 1339/2/2 1343/2/2
f 1340/2/2 1342/2/2 1346/2/2
f 1346/2/2 1342/2/2 1347/2/2
f 1344/2/2 1345/2/2 1349/2/2
f 1349/2/2 1345/2/2 1350/2/2
f 1348/2/2 1349/2/2 1352/2/2
f 1352/2/2 1349/2/2 1353/2/2
f 1353/2/2 1349/2/2 1354/2/2
f 1354/2/2 1349/2/2 1355/2/2
f 1355/2/2 1349/2/2 1356/2/2
f 1351/2/2 1352/2/2 1357/2/2
f 1352/2/2 1353/2/2 1357/2/2
f 1357/2/2 1353/2/2 1358/2/2
f 1354/2/2 1355/2/2 1359/2/2
f 1359/2/2 1355/2/2 1360/2/2
f 1351/2/2 1357/2/2 1361/2/2
f 1361/2/2 1357/2/2 1362/2/2
f 1363/2/2 1364/2/2 1367/2/2
f 1367/2/2 1364/2/2 1368/2/2
f 1365/2/2 1366/2/2 1370/2/2
f 1369/2/2 1370/2/2 1371/2/2
f 1370/2/2 1366/2/2 1372/2/2
f 1371/2/2 1370/2/2 1372/2/2
f 1369/2/2 1371/2/2 1376/2/2
f 1375/2/2 1376/2/2 1378/2/2
f 1376/2/2 1371/2/2 1379/2/2
f 1378/2/2 1376/2/2 1379/2/2
f 1379/2/2 1371/2/2 1380/2/2
f 1377/2/2 1378/2/2 1381/2/2
f 1378/2/2 1379/2/2 1381/2/2
f 1381/2/2 1379/2/2 1382/2/2
f 1377/2/2 1381/2/2 1384/2/2
f 1383/2/2 1384/2/2 1386/2/2
f 1384/2/2 1381/2/2 1387/2/2
f 1386/2/2 1384/2/2 1387/2/2
f 1387/2/2 1381/2/2 1388/2/2
f 1385/2/2 1386/2/2 1390/2/2
f 1386/2/2 1387/2/2 1390/2/2
f 1390/2/2 1387/2/2 1391/2/2
f 1391/2/2 1387/2/2 1392/2/2
f 1389/2/2 1390/2/2 1394/2/2
f 1390/2/2 1391/2/2 1394/2/2
f 1373/2/2 1374/2/2 1395/2/2
f 1395/2/2 1374/2/2 1396/2/2
f 1393/2/2 1394/2/2 1397/2/2
f 1394/2/2 1391/2/2 1398/2/2
f 1397/2/2 1394/2/2 1398/2/2
f 1398/2/2 1391/2/2 1399/2/2
f 1396/2/2 1397/2/2 1400/2/2
f 1397/2/2 1398/2/2 1400/2/2
f 1400/2/2 1398/2/2 1401/2/2
f 1402/2/2 1403/2/2 1405/2/2
f 1404/2/2 1405/2/2 1407/2/2
f 1405/2/2 1403/2/2 1408/2/2
f 1406/2/2 1407/2/2 1408/2/2
f 1407/2/2 1405/2/2 1408/2/2
f 1408/2/2 1403/2/2 1409/2/2
f 1406/2/2 1408/2/2 1412/2/2
f 1412/2/2 1408/2/2 1413/2/2
f 1410/2/2 1411/2/2 1414/2/2
f 1406/2/2 1412/2/2 1415/2/2
f 1415/2/2 1412/2/2 1416/2/2
f 1414/2/2 1415/2/2 1416/2/2
f 1416/2/2 1412/2/2 1417/2/2
f 1414/2/2 1416/2/2 1418/2/2
f 1418/2/2 1416/2/2 1419/2/2
f 1414/2/2 1418/2/2 1420/2/2
f 1420/2/2 1418/2/2 1421/2/2
f 1414/2/2 1420/2/2 1422/2/2
f 1422/2/2 1420/2/2 1423/2/2
f 1414/2/2 1422/2/2 1424/2/2
f 1424/2/2 1422/2/2 1425/2/2
f 1414/2/2 1424/2/2 1426/2/2
f 1426/2/2 1424/2/2 1427/2/2
f 1410/2/2 1414/2/2 1428/2/2
f 1414/2/2 1426/2/2 1428/2/2
f 1428/2/2 1426/2/2 1429/2/2
f 1433/4/3 1431/4/3 1430/4/3
f 1434/4/3 1433/4/3 1432/4/3
f 1435/4/3 1431/4/3 1433/4/3
f 1435/4/3 1433/4/3 1434/4/3
f 1436/4/3 1431/4/3 1435/4/3
f 1440/2/3 1438/2/3 1437/2/3
f 1441/1/3 1436/1/3 1435/1/3
f 1442/1/3 1436/1/3 1441/1/3
f 1444/2/3 1440/2/3 1439/2/3
f 1445/1/3 1436/1/3 1442/1/3
f 1445/4/3 1442/4/3 1441/4/3
f 1446/1/3 1436/1/3 1445/1/3
f 1447/4/3 1445/4/3 1441/4/3
f 1447/4/3 1446/4/3 1445/4/3
f 1448/4/3 1446/4/3 1447/4/3
f 1449/4/3 1446/4/3 1448/4/3
f 1450/4/3 1446/4/3 1449/4/3
f 1451/2/3 1444/2/3 1443/2/3
f 1452/2/3 1440/2/3 1444/2/3
f 1452/2/3 1444/2/3 1451/2/3
f 1453/4/3 1449/4/3 1448/4/3
f 1453/1/3 1448/1/3 1447/1/3
f 1454/5/3 1450/5/3 1449/5/3
f 1454/4/3 1449/4/3 1453/4/3
f 1455/5/3 1450/5/3 1454/5/3
f 1456/2/3 1440/2/3 1452/2/3
f 1457/2/3 1438/2/3 1440/2/3
f 1457/2/3 1440/2/3 1456/2/3
f 1458/7/3 1455/7/3 1454/7/3
f 1458/1/3 1454/1/3 1453/1/3
f 1459/7/3 1455/7/3 1458/7/3
f 1463/2/3 1461/2/3 1460/2/3
f 1464/1/3 1453/1/3 1447/1/3
f 1464/1/3 1458/1/3 1453/1/3
f 1464/1/3 1459/1/3 1458/1/3
f 1465/1/3 1459/1/3 1464/1/3
f 1466/2/3 1463/2/3 1462/2/3
f 1466/2/3 1461/2/3 1463/2/3
f 1467/2/3 1461/2/3 1466/2/3
f 1468/2/3 1466/2/3 1462/2/3
f 1469/2/3 1466/2/3 1468/2/3
f 1470/2/3 1468/2/3 1462/2/3
f 1471/2/3 1468/2/3 1470/2/3
f 1474/2/3 1473/2/3 1472/2/3
f 1476/4/3 1465/4/3 1464/4/3
f 1477/4/3 1465/4/3 1476/4/3
f 1478/4/3 1465/4/3 1477/4/3
f 1480/2/3 1475/2/3 1474/2/3
f 1480/2/3 1474/2/3 1472/2/3
f 1481/2/3 1475/2/3 1480/2/3
f 1482/2/3 1475/2/3 1481/2/3
f 1485/2/3 1479/2/3 1478/2/3
f 1485/2/3 1478/2/3 1477/2/3
f 1486/2/3 1482/2/3 1481/2/3
f 1486/2/3 1483/2/3 1482/2/3
f 1487/2/3 1483/2/3 1486/2/3
f 1488/2/3 1485/2/3 1484/2/3
f 1489/2/3 1479/2/3 1485/2/3
f 1489/2/3 1485/2/3 1488/2/3
f 1494/4/3 1491/4/3 1490/4/3
f 1495/4/3 1491/4/3 1494/4/3
f 1497/2/3 1493/2/3 1492/2/3
f 1498/2/3 1493/2/3 1497/2/3
f 1499/2/3 1493/2/3 1498/2/3
f 1501/4/3 1494/4/3 1490/4/3
f 1502/4/3 1494/4/3 1501/4/3
f 1503/2/3 1500/2/3 1499/2/3
f 1503/2/3 1499/2/3 1498/2/3
f 1504/2/3 1500/2/3 1503/2/3
f 1505/2/3 1500/2/3 1504/2/3
f 1509/4/3 1496/4/3 1495/4/3
f 1510/4/3 1496/4/3 1509/4/3
f 1511/2/3 1505/2/3 1504/2/3
f 1512/2/3 1505/2/3 1511/2/3
f 1513/9/3 1506/9/3 1505/9/3
f 1513/2/3 1505/2/3 1512/2/3
f 1516/1/3 1508/1/3 1507/1/3
f 1517/2/3 1515/2/3 1514/2/3
f 1518/2/3 1515/2/3 1517/2/3
f 1519/1/3 1516/1/3 1507/1/3
f 1522/2/3 1521/2/3 1520/2/3
f 1523/2/3 1521/2/3 1522/2/3
f 1524/9/3 1506/9/3 1513/9/3
f 1525/2/3 1524/2/3 1523/2/3
f 1526/9/3 1506/9/3 1524/9/3
f 1526/2/3 1524/2/3 1525/2/3
f 1527/1/3 1519/1/3 1507/1/3
f 1529/9/3 1506/9/3 1526/9/3
f 1530/1/3 1527/1/3 1507/1/3
f 1531/1/3 1527/1/3 1530/1/3
f 1533/2/3 1529/2/3 1528/2/3
f 1534/9/3 1506/9/3 1529/9/3
f 1534/2/3 1529/2/3 1533/2/3
f 1535/9/3 1506/9/3 1534/9/3
f 1536/2/3 1533/2/3 1532/2/3
f 1537/2/3 1533/2/3 1536/2/3
f 1539/2/3 1537/2/3 1536/2/3
f 1542/4/3 1531/4/3 1530/4/3
f 1543/4/3 1531/4/3 1542/4/3
f 1545/2/3 1539/2/3 1538/2/3
f 1546/2/3 1537/2/3 1539/2/3
f 1546/2/3 1539/2/3 1545/2/3
f 1547/2/3 1537/2/3 1546/2/3
f 1548/2/3 1541/2/3 1540/2/3
f 1550/4/3 1544/4/3 1543/4/3
f 1551/4/3 1544/4/3 1550/4/3
f 1552/2/3 1549/2/3 1548/2/3
f 1552/2/3 1548/2/3 1540/2/3
f 1553/2/3 1549/2/3 1552/2/3
f 1554/2/3 1549/2/3 1553/2/3
f 1555/2/3 1547/2/3 1546/2/3
f 1556/2/3 1547/2/3 1555/2/3
f 1557/2/3 1554/2/3 1553/2/3
f 1557/2/3 1555/2/3 1554/2/3
f 1558/2/3 1555/2/3 1557/2/3
f 1563/6/3 1560/6/3 1559/6/3
f 1564/6/3 1560/6/3 1563/6/3
f 1565/4/3 1562/4/3 1561/4/3
f 1566/4/3 1562/4/3 1565/4/3
f 1569/2/3 1564/2/3 1563/2/3
f 1570/6/3 1560/6/3 1564/6/3
f 1572/4/3 1567/4/3 1566/4/3
f 1573/1/3 1568/1/3 1567/1/3
f 1573/4/3 1567/4/3 1572/4/3
f 1576/2/3 1564/2/3 1569/2/3
f 1577/6/3 1571/6/3 1570/6/3
f 1577/2/3 1564/2/3 1576/2/3
f 1577/6/3 1570/6/3 1564/6/3
f 1578/1/3 1568/1/3 1573/1/3
f 1579/1/3 1568/1/3 1578/1/3
f 1580/2/3 1575/2/3 1574/2/3
f 1581/2/3 1575/2/3 1580/2/3
f 1583/6/3 1571/6/3 1577/6/3
f 1584/6/3 1571/6/3 1583/6/3
f 1586/9/3 1579/9/3 1578/9/3
f 1587/7/3 1580/7/3 1579/7/3
f 1587/9/3 1579/9/3 1586/9/3
f 1588/7/3 1580/7/3 1587/7/3
f 1589/2/3 1582/2/3 1581/2/3
f 1590/2/3 1582/2/3 1589/2/3
f 1592/7/3 1588/7/3 1587/7/3
f 1592/7/3 1587/7/3 1586/7/3
f 1592/7/3 1589/7/3 1588/7/3
f 1593/7/3 1589/7/3 1592/7/3
f 1594/2/3 1591/2/3 1590/2/3
f 1595/2/3 1591/2/3 1594/2/3
f 1596/1/3 1586/1/3 1585/1/3
f 1596/7/3 1592/7/3 1586/7/3
f 1597/9/3 1593/9/3 1592/9/3
f 1597/7/3 1592/7/3 1596/7/3
f 1598/9/3 1593/9/3 1597/9/3
f 1599/9/3 1593/9/3 1598/9/3
f 1600/1/3 1597/1/3 1596/1/3
f 1600/9/3 1598/9/3 1597/9/3
f 1601/9/3 1598/9/3 1600/9/3
f 1602/1/3 1596/1/3 1585/1/3
f 1602/1/3 1600/1/3 1596/1/3
f 1603/1/3 1600/1/3 1602/1/3
f 1605/9/3 1603/9/3 1602/9/3
f 1605/1/3 1602/1/3 1585/1/3
f 1606/7/3 1604/7/3 1603/7/3
f 1606/9/3 1603/9/3 1605/9/3
f 1607/7/3 1604/7/3 1606/7/3
f 1608/7/3 1604/7/3 1607/7/3
f 1610/7/3 1606/7/3 1605/7/3
f 1610/9/3 1607/9/3 1606/9/3
f 1611/7/3 1608/7/3 1607/7/3
f 1611/9/3 1607/9/3 1610/9/3
f 1611/7/3 1609/7/3 1608/7/3
f 1612/7/3 1609/7/3 1611/7/3
f 1613/9/3 1612/9/3 1611/9/3
f 1614/9/3 1612/9/3 1613/9/3
f 1615/1/3 1605/1/3 1585/1/3
f 1616/7/3 1610/7/3 1605/7/3
f 1616/1/3 1605/1/3 1615/1/3
f 1616/7/3 1611/7/3 1610/7/3
f 1617/7/3 1611/7/3 1616/7/3
f 1618/9/3 1613/9/3 1611/9/3
f 1618/7/3 1611/7/3 1617/7/3
f 1619/9/3 1613/9/3 1618/9/3
f 1623/2/3 1621/2/3 1620/2/3
f 1624/6/3 1622/6/3 1621/6/3
f 1624/2/3 1621/2/3 1623/2/3
f 1625/4/3 1616/4/3 1615/4/3
f 1626/1/3 1617/1/3 1616/1/3
f 1626/4/3 1616/4/3 1625/4/3
f 1627/1/3 1617/1/3 1626/1/3
f 1628/6/3 1622/6/3 1624/6/3
f 1629/6/3 1622/6/3 1628/6/3
f 1634/6/3 1622/6/3 1629/6/3
f 1635/6/3 1622/6/3 1634/6/3
f 1636/2/3 1631/2/3 1630/2/3
f 1637/2/3 1631/2/3 1636/2/3
f 1638/2/3 1633/2/3 1632/2/3
f 1639/2/3 1633/2/3 1638/2/3
f 1644/2/3 1641/2/3 1640/2/3
f 1645/6/3 1642/6/3 1641/6/3
f 1645/2/3 1641/2/3 1644/2/3
f 1646/6/3 1642/6/3 1645/6/3
f 1647/6/3 1642/6/3 1646/6/3
f 1648/2/3 1644/2/3 1643/2/3
f 1648/2/3 1645/2/3 1644/2/3
f 1648/2/3 1646/2/3 1645/2/3
f 1649/2/3 1646/2/3 1648/2/3
f 1650/2/3 1646/2/3 1649/2/3
f 1653/2/3 1648/2/3 1643/2/3
f 1654/2/3 1648/2/3 1653/2/3
f 1655/2/3 1648/2/3 1654/2/3
f 1656/2/3 1650/2/3 1649/2/3
f 1657/2/3 1650/2/3 1656/2/3
f 1658/2/3 1650/2/3 1657/2/3
f 1659/2/3 1650/2/3 1658/2/3
f 1660/2/3 1650/2/3 1659/2/3
f 1661/6/3 1652/6/3 1651/6/3
f 1662/6/3 1652/6/3 1661/6/3
f 1665/1/3 1659/1/3 1658/1/3
f 1666/1/3 1659/1/3 1665/1/3
f 1670/6/3 1664/6/3 1663/6/3
f 1672/1/3 1667/1/3 1666/1/3
f 1673/1/3 1667/1/3 1672/1/3
f 1675/1/3 1674/1/3 1673/1/3
f 1676/1/3 1674/1/3 1675/1/3
f 1678/6/3 1671/6/3 1670/6/3
f 1678/6/3 1670/6/3 1663/6/3
f 1679/6/3 1671/6/3 1678/6/3
f 1681/1/3 1677/1/3 1676/1/3
f 1681/1/3 1676/1/3 1675/1/3
f 1682/1/3 1677/1/3 1681/1/3
f 1683/1/3 1677/1/3 1682/1/3
f 1684/1/3 1669/1/3 1668/1/3
f 1685/1/3 1669/1/3 1684/1/3
f 1686/6/3 1678/6/3 1663/6/3
f 1687/6/3 1678/6/3 1686/6/3
f 1688/6/3 1678/6/3 1687/6/3
f 1691/1/3 1682/1/3 1681/1/3
f 1691/1/3 1681/1/3 1680/1/3
f 1692/3/3 1689/3/3 1688/3/3
f 1692/3/3 1688/3/3 1687/3/3
f 1693/3/3 1689/3/3 1692/3/3
f 1694/3/3 1689/3/3 1693/3/3
f 1695/3/3 1689/3/3 1694/3/3
f 1697/3/3 1694/3/3 1693/3/3
f 1698/3/3 1694/3/3 1697/3/3
f 1700/1/3 1691/1/3 1690/1/3
f 1701/1/3 1682/1/3 1691/1/3
f 1701/1/3 1691/1/3 1700/1/3
f 1702/1/3 1682/1/3 1701/1/3
f 1707/3/3 1699/3/3 1698/3/3
f 1707/3/3 1698/3/3 1697/3/3
f 1707/3/3 1697/3/3 1696/3/3
f 1708/3/3 1699/3/3 1707/3/3
f 1709/3/3 1699/3/3 1708/3/3
f 1710/1/3 1702/1/3 1701/1/3
f 1711/2/3 1703/2/3 1702/2/3
f 1711/1/3 1702/1/3 1710/1/3
f 1712/2/3 1703/2/3 1711/2/3
f 1714/2/3 1703/2/3 1712/2/3
f 1715/1/3 1705/1/3 1704/1/3
f 1716/1/3 1705/1/3 1715/1/3
f 1717/6/3 1708/6/3 1707/6/3
f 1717/6/3 1707/6/3 1706/6/3
f 1718/6/3 1708/6/3 1717/6/3
f 1721/1/3 1714/1/3 1713/1/3
f 1722/6/3 1717/6/3 1706/6/3
f 1723/6/3 1717/6/3 1722/6/3
f 1724/1/3 1720/1/3 1719/1/3
f 1724/1/3 1721/1/3 1720/1/3
f 1725/2/3 1703/2/3 1714/2/3
f 1725/1/3 1721/1/3 1724/1/3
f 1725/1/3 1714/1/3 1721/1/3
f 1726/2/3 1703/2/3 1725/2/3
f 1733/6/3 1730/6/3 1729/6/3
f 1734/6/3 1730/6/3 1733/6/3
f 1735/6/3 1730/6/3 1734/6/3
f 1737/6/3 1736/6/3 1735/6/3
f 1737/6/3 1735/6/3 1734/6/3
f 1738/6/3 1736/6/3 1737/6/3
f 1740/6/3 1737/6/3 1734/6/3
f 1741/9/3 1738/9/3 1737/9/3
f 1741/6/3 1737/6/3 1740/6/3
f 1742/6/3 1732/6/3 1731/6/3
f 1743/6/3 1732/6/3 1742/6/3
f 1744/9/3 1740/9/3 1739/9/3
f 1744/9/3 1741/9/3 1740/9/3
f 1745/9/3 1738/9/3 1741/9/3
f 1745/9/3 1741/9/3 1744/9/3
f 1746/9/3 1738/9/3 1745/9/3
f 1752/9/3 1746/9/3 1745/9/3
f 1753/3/3 1749/3/3 1748/3/3
f 1754/9/3 1750/9/3 1749/9/3
f 1754/3/3 1749/3/3 1753/3/3
f 1755/9/3 1750/9/3 1754/9/3
f 1756/9/3 1752/9/3 1751/9/3
f 1757/9/3 1746/9/3 1752/9/3
f 1757/9/3 1752/9/3 1756/9/3
f 1758/1/3 1747/1/3 1746/1/3
f 1758/9/3 1746/9/3 1757/9/3
f 1759/1/3 1747/1/3 1758/1/3
f 1763/9/3 1758/9/3 1757/9/3
f 1764/9/3 1758/9/3 1763/9/3
f 1764/6/3 1763/6/3 1762/6/3
f 1765/9/3 1758/9/3 1764/9/3
f 1766/6/3 1764/6/3 1762/6/3
f 1766/6/3 1765/6/3 1764/6/3
f 1767/6/3 1765/6/3 1766/6/3
f 1768/6/3 1761/6/3 1760/6/3
f 1769/6/3 1761/6/3 1768/6/3
f 1771/6/3 1766/6/3 1762/6/3
f 1772/6/3 1766/6/3 1771/6/3
f 1773/6/3 1771/6/3 1770/6/3
f 1774/6/3 1771/6/3 1773/6/3
f 1779/2/3 1778/2/3 1777/2/3
f 1779/2/3 1777/2/3 1776/2/3
f 1779/2/3 1776/2/3 1775/2/3
f 1780/2/3 1778/2/3 1779/2/3
f 1781/6/3 1728/6/3 1727/6/3
f 1782/6/3 1728/6/3 1781/6/3
f 1785/2/3 1784/2/3 1783/2/3
f 1786/2/3 1784/2/3 1785/2/3
f 1789/6/3 1788/6/3 1787/6/3
f 1790/6/3 1788/6/3 1789/6/3
f 1795/6/3 1792/6/3 1791/6/3
f 1796/6/3 1792/6/3 1795/6/3
f 1798/6/3 1797/6/3 1796/6/3
f 1799/6/3 1797/6/3 1798/6/3
f 1802/3/3 1801/3/3 1800/3/3
f 1803/3/3 1801/3/3 1802/3/3
f 1804/3/3 1802/3/3 1800/3/3
f 1806/3/3 1804/3/3 1800/3/3
f 1806/3/3 1805/3/3 1804/3/3
f 1807/3/3 1805/3/3 1806/3/3
f 1810/6/3 1794/6/3 1793/6/3
f 1811/6/3 1794/6/3 1810/6/3
f 1813/6/3 1809/6/3 1808/6/3
f 1814/6/3 1809/6/3 1813/6/3
f 1815/6/3 1813/6/3 1812/6/3
f 1816/6/3 1813/6/3 1815/6/3
f 1819/2/3 1818/2/3 1817/2/3
f 1820/2/3 1818/2/3 1819/2/3
f 1823/6/3 1822/6/3 1821/6/3
f 1824/6/3 1822/6/3 1823/6/3
f 1829/6/3 1826/6/3 1825/6/3
f 1830/6/3 1826/6/3 1829/6/3
f 1831/6/3 1828/6/3 1827/6/3
f 1832/6/3 1828/6/3 1831/6/3
f 1838/10/3 1834/10/3 1833/10/3
f 1839/9/3 1835/9/3 1834/9/3
f 1839/10/3 1834/10/3 1838/10/3
f 1840/8/3 1836/8/3 1835/8/3
f 1840/9/3 1835/9/3 1839/9/3
f 1841/10/3 1837/10/3 1836/10/3
f 1841/8/3 1836/8/3 1840/8/3
f 1842/10/3 1837/10/3 1841/10/3
f 1845/2/3 1844/2/3 1843/2/3
f 1846/2/3 1844/2/3 1845/2/3
f 1850/9/3 1848/9/3 1847/9/3
f 1851/9/3 1848/9/3 1850/9/3
f 1852/9/3 1848/9/3 1851/9/3
f 1853/9/3 1848/9/3 1852/9/3
f 1854/9/3 1848/9/3 1853/9/3
f 1856/9/3 1850/9/3 1849/9/3
f 1857/9/3 1850/9/3 1856/9/3
f 1861/9/3 1855/9/3 1854/9/3
f 1862/9/3 1855/9/3 1861/9/3
f 1864/6/3 1860/6/3 1859/6/3
f 1864/6/3 1861/6/3 1860/6/3
f 1864/6/3 1859/6/3 1858/6/3
f 1865/6/3 1861/6/3 1864/6/3
f 1867/6/3 1864/6/3 1863/6/3
f 1867/6/3 1866/6/3 1865/6/3
f 1867/6/3 1865/6/3 1864/6/3
f 1868/6/3 1866/6/3 1867/6/3
f 1873/2/3 1870/2/3 1869/2/3
f 1875/2/3 1872/2/3 1871/2/3
f 1876/2/3 1872/2/3 1875/2/3
f 1877/2/3 1874/2/3 1873/2/3
f 1877/2/3 1873/2/3 1869/2/3
f 1878/2/3 1874/2/3 1877/2/3
f 1887/2/3 1880/2/3 1879/2/3
f 1888/2/3 1880/2/3 1887/2/3
f 1890/9/3 1882/9/3 1881/9/3
f 1891/10/3 1883/10/3 1882/10/3
f 1891/9/3 1882/9/3 1890/9/3
f 1892/9/3 1884/9/3 1883/9/3
f 1892/10/3 1883/10/3 1891/10/3
f 1893/8/3 1885/8/3 1884/8/3
f 1893/9/3 1884/9/3 1892/9/3
f 1894/10/3 1886/10/3 1885/10/3
f 1894/8/3 1885/8/3 1893/8/3
f 1895/10/3 1886/10/3 1894/10/3
f 1897/9/3 1890/9/3 1889/9/3
f 1897/9/3 1891/9/3 1890/9/3
f 1898/9/3 1891/9/3 1897/9/3
f 1899/9/3 1891/9/3 1898/9/3
f 1900/9/3 1896/9/3 1895/9/3
f 1901/9/3 1896/9/3 1900/9/3
f 1904/6/3 1903/6/3 1902/6/3
f 1905/6/3 1903/6/3 1904/6/3
f 1913/6/3 1907/6/3 1906/6/3
f 1914/6/3 1907/6/3 1913/6/3
f 1915/6/3 1907/6/3 1914/6/3
f 1916/6/3 1907/6/3 1915/6/3
f 1917/2/3 1909/2/3 1908/2/3
f 1918/2/3 1909/2/3 1917/2/3
f 1920/9/3 1911/9/3 1910/9/3
f 1921/6/3 1912/6/3 1911/6/3
f 1921/9/3 1911/9/3 1920/9/3
f 1922/6/3 1912/6/3 1921/6/3
f 1923/1/3 1920/1/3 1919/1/3
f 1923/1/3 1921/1/3 1920/1/3
f 1929/1/3 1924/1/3 1923/1/3
f 1929/1/3 1923/1/3 1919/1/3
f 1930/9/3 1925/9/3 1924/9/3
f 1930/1/3 1924/1/3 1929/1/3
f 1931/6/3 1926/6/3 1925/6/3
f 1931/9/3 1925/9/3 1930/9/3
f 1932/6/3 1926/6/3 1931/6/3
f 1933/6/3 1928/6/3 1927/6/3
f 1934/6/3 1928/6/3 1933/6/3
f 1937/6/3 1936/6/3 1935/6/3
f 1938/6/3 1936/6/3 1937/6/3
f 1941/2/3 1940/2/3 1939/2/3
f 1942/2/3 1940/2/3 1941/2/3
f 1949/6/3 1944/6/3 1943/6/3
f 1950/6/3 1944/6/3 1949/6/3
f 1951/6/3 1944/6/3 1950/6/3
f 1952/2/3 1946/2/3 1945/2/3
f 1953/2/3 1946/2/3 1952/2/3
f 1956/9/3 1948/9/3 1947/9/3
f 1957/6/3 1949/6/3 1948/6/3
f 1957/6/3 1950/6/3 1949/6/3
f 1957/9/3 1948/9/3 1956/9/3
f 1958/6/3 1950/6/3 1957/6/3
f 1959/6/3 1952/6/3 1951/6/3
f 1960/2/3 1954/2/3 1953/2/3
f 1961/2/3 1954/2/3 1960/2/3
f 1962/1/3 1956/1/3 1955/1/3
f 1963/1/3 1956/1/3 1962/1/3
f 1964/6/3 1959/6/3 1951/6/3
f 1965/6/3 1959/6/3 1964/6/3
f 1966/1/3 1962/1/3 1955/1/3
f 1967/1/3 1962/1/3 1966/1/3
f 1971/1/3 1968/1/3 1967/1/3
f 1972/9/3 1969/9/3 1968/9/3
f 1972/1/3 1968/1/3 1971/1/3
f 1973/6/3 1970/6/3 1969/6/3
f 1973/9/3 1969/9/3 1972/9/3
f 1974/6/3 1970/6/3 1973/6/3
f 1977/2/3 1976/2/3 1975/2/3
f 1978/2/3 1976/2/3 1977/2/3
f 1981/1/3 1980/1/3 1979/1/3
f 1982/1/3 1980/1/3 1981/1/3
f 1985/6/3 1984/6/3 1983/6/3
f 1986/6/3 1984/6/3 1985/6/3
f 1989/2/3 1988/2/3 1987/2/3
f 1990/2/3 1988/2/3 1989/2/3
f 1993/1/3 1992/1/3 1991/1/3
f 1994/1/3 1992/1/3 1993/1/3
f 1996/1/3 1995/1/3 1994/1/3
f 1997/1/3 1995/1/3 1996/1/3
f 2002/3/3 1999/3/3 1998/3/3
f 2003/3/3 1999/3/3 2002/3/3
f 2004/6/3 2001/6/3 2000/6/3
f 2005/6/3 2001/6/3 2004/6/3
f 2008/1/3 2007/1/3 2006/1/3
f 2009/1/3 2007/1/3 2008/1/3
f 2012/6/3 2011/6/3 2010/6/3
f 2013/6/3 2011/6/3 2012/6/3
f 2016/6/3 2015/6/3 2014/6/3
f 2017/6/3 2015/6/3 2016/6/3
f 2021/9/3 2019/9/3 2018/9/3
f 2022/6/3 2020/6/3 2019/6/3
f 2022/9/3 2019/9/3 2021/9/3
f 2023/6/3 2020/6/3 2022/6/3
f 2026/2/3 2025/2/3 2024/2/3
f 2027/2/3 2025/2/3 2026/2/3
f 2028/2/3 2026/2/3 2024/2/3
f 2029/2/3 2026/2/3 2028/2/3
f 2032/1/3 2031/1/3 2030/1/3
f 2033/1/3 2031/1/3 2032/1/3
f 2034/1/3 2032/1/3 2030/1/3
f 2035/1/3 2032/1/3 2034/1/3
f 2038/2/3 2037/2/3 2036/2/3
f 2039/2/3 2037/2/3 2038/2/3
f 2043/9/3 2041/9/3 2040/9/3
f 2044/6/3 2042/6/3 2041/6/3
f 2044/9/3 2041/9/3 2043/9/3
f 2045/6/3 2042/6/3 2044/6/3
f 2048/1/3 2047/1/3 2046/1/3
f 2049/1/3 2047/1/3 2048/1/3
f 2052/1/3 2051/1/3 2050/1/3
f 2053/1/3 2051/1/3 2052/1/3
f 2056/9/3 2054/9/3 2053/9/3
f 2057/6/3 2055/6/3 2054/6/3
f 2057/9/3 2054/9/3 2056/9/3
f 2058/6/3 2055/6/3 2057/6/3
f 2063/2/3 2060/2/3 2059/2/3
f 2064/2/3 2060/2/3 2063/2/3
f 2065/2/3 2062/2/3 2061/2/3
f 2066/2/3 2062/2/3 2065/2/3
f 2072/9/3 2068/9/3 2067/9/3
f 2073/6/3 2069/6/3 2068/6/3
f 2073/9/3 2068/9/3 2072/9/3
f 2074/6/3 2069/6/3 2073/6/3
f 2075/1/3 2071/1/3 2070/1/3
f 2076/1/3 2071/1/3 2075/1/3
f 2078/1/3 2077/1/3 2076/1/3
f 2079/1/3 2077/1/3 2078/1/3
f 2082/9/3 2081/9/3 2080/9/3
f 2083/9/3 2081/9/3 2082/9/3
f 2088/2/3 2085/2/3 2084/2/3
f 2089/2/3 2085/2/3 2088/2/3
f 2090/2/3 2087/2/3 2086/2/3
f 2091/2/3 2087/2/3 2090/2/3
f 2096/1/3 2093/1/3 2092/1/3
f 2097/1/3 2093/1/3 2096/1/3
f 2098/9/3 2095/9/3 2094/9/3
f 2099/9/3 2095/9/3 2098/9/3
f 2102/6/3 2101/6/3 2100/6/3
f 2103/6/3 2101/6/3 2102/6/3
f 2108/2/3 2105/2/3 2104/2/3
f 2109/2/3 2105/2/3 2108/2/3
f 2110/2/3 2107/2/3 2106/2/3
f 2111/2/3 2107/2/3 2110/2/3
f 2114/1/3 2113/1/3 2112/1/3
f 2115/1/3 2113/1/3 2114/1/3
f 2119/9/3 2117/9/3 2116/9/3
f 2120/6/3 2118/6/3 2117/6/3
f 2120/9/3 2117/9/3 2119/9/3
f 2121/6/3 2118/6/3 2120/6/3
f 2125/2/3 2123/2/3 2122/2/3
f 2126/2/3 2123/2/3 2125/2/3
f 2127/2/3 2125/2/3 2124/2/3
f 2128/2/3 2125/2/3 2127/2/3
f 2131/6/3 2130/6/3 2129/6/3
f 2132/6/3 2130/6/3 2131/6/3
f 2133/6/3 2130/6/3 2132/6/3
f 2138/6/3 2136/6/3 2135/6/3
f 2138/6/3 2137/6/3 2136/6/3
f 2139/6/3 2137/6/3 2138/6/3
f 2140/9/3 2135/9/3 2134/9/3
f 2140/6/3 2138/6/3 2135/6/3
f 2141/6/3 2138/6/3 2140/6/3
f 2144/9/3 2140/9/3 2134/9/3
f 2145/9/3 2140/9/3 2144/9/3
f 2146/6/3 2143/6/3 2142/6/3
f 2147/6/3 2143/6/3 2146/6/3
f 2153/2/3 2150/2/3 2149/2/3
f 2153/2/3 2152/2/3 2151/2/3
f 2153/2/3 2151/2/3 2150/2/3
f 2153/2/3 2149/2/3 2148/2/3
f 2154/2/3 2152/2/3 2153/2/3
f 2155/2/3 2153/2/3 2148/2/3
f 2156/2/3 2153/2/3 2155/2/3
f 2157/2/3 2153/2/3 2156/2/3
f 2158/2/3 2153/2/3 2157/2/3
f 2159/2/3 2157/2/3 2156/2/3
f 2160/2/3 2157/2/3 2159/2/3
f 2161/2/3 2157/2/3 2160/2/3
f 2162/2/3 2157/2/3 2161/2/3
f 2163/2/3 2157/2/3 2162/2/3
f 2164/2/3 2157/2/3 2163/2/3
f 2167/6/3 2166/6/3 2165/6/3
f 2168/6/3 2166/6/3 2167/6/3
f 2171/2/3 2170/2/3 2169/2/3
f 2172/2/3 2170/2/3 2171/2/3
f 2173/2/3 2170/2/3 2172/2/3
f 2174/2/3 2170/2/3 2173/2/3
f 2176/2/3 2170/2/3 2174/2/3
f 2177/2/3 2172/2/3 2171/2/3
f 2179/2/3 2176/2/3 2175/2/3
f 2180/2/3 2178/2/3 2177/2/3
f 2180/2/3 2179/2/3 2178/2/3
f 2180/2/3 2177/2/3 2171/2/3
f 2181/2/3 2176/2/3 2179/2/3
f 2181/2/3 2179/2/3 2180/2/3
f 2181/2/3 2170/2/3 2176/2/3
f 2182/2/3 2180/2/3 2171/2/3
f 2184/2/3 2182/2/3 2171/2/3
f 2184/2/3 2183/2/3 2182/2/3
f 2185/2/3 2183/2/3 2184/2/3
f 2186/2/3 2183/2/3 2185/2/3
f 2187/2/3 2183/2/3 2186/2/3
f 2189/2/3 2188/2/3 2187/2/3
f 2190/2/3 2188/2/3 2189/2/3
f 2193/2/3 2192/2/3 2191/2/3
f 2194/2/3 2192/2/3 2193/2/3
f 2196/2/3 2195/2/3 2194/2/3
f 2197/2/3 2195/2/3 2196/2/3
f 2200/2/3 2199/2/3 2198/2/3
f 2201/2/3 2199/2/3 2200/2/3
f 2202/2/3 2199/2/3 2201/2/3
f 2204/2/3 2201/2/3 2200/2/3
f 2205/2/3 2201/2/3 2204/2/3
f 2207/6/3 2204/6/3 2203/6/3
f 2208/2/3 2205/2/3 2204/2/3
f 2208/6/3 2204/6/3 2207/6/3
f 2208/2/3 2206/2/3 2205/2/3
f 2209/2/3 2208/2/3 2207/2/3
f 2210/2/3 2206/2/3 2208/2/3
f 2210/2/3 2208/2/3 2209/2/3
f 2213/2/3 2212/2/3 2211/2/3
f 2214/2/3 2212/2/3 2213/2/3
f 2217/2/3 2216/2/3 2215/2/3
f 2218/2/3 2216/2/3 2217/2/3
f 2219/2/4 2220/2/4 2221/2/4
f 2221/2/4 2220/2/4 2222/2/4
f 2223/2/4 2224/2/4 2225/2/4
f 2225/2/4 2224/2/4 2226/2/4
f 2227/2/4 2228/2/4 2229/2/4
f 2229/2/4 2228/2/4 2230/2/4
f 2231/2/4 2232/2/4 2233/2/4
f 2233/2/4 2232/2/4 2234/2/4
f 2234/2/4 2232/2/4 2235/2/4
f 2236/4/4 2237/4/4 2238/4/4
f 2238/4/4 2237/4/4 2239/4/4
f 2240/2/4 2241/2/4 2242/2/4
f 2242/2/4 2241/2/4 2243/2/4
f 2244/2/4 2245/2/4 2246/2/4
f 2246/2/4 2245/2/4 2247/2/4
f 2248/2/4 2249/2/4 2252/2/4
f 2250/2/4 2251/2/4 2255/2/4
f 2255/2/4 2251/2/4 2256/2/4
f 2253/2/4 2254/2/4 2257/2/4
f 2248/2/4 2252/2/4 2257/2/4
f 2252/2/4 2253/2/4 2257/2/4
f 2257/2/4 2254/2/4 2258/2/4
f 2258/2/4 2254/2/4 2259/2/4
f 2259/2/4 2254/2/4 2260/2/4
f 2261/2/4 2262/2/4 2263/2/4
f 2263/2/4 2262/2/4 2264/2/4
f 2266/6/4 2267/6/4 2268/6/4
f 2265/1/4 2266/1/4 2269/1/4
f 2266/6/4 2268/6/4 2270/6/4
f 2269/1/4 2266/1/4 2270/1/4
f 2270/6/4 2268/6/4 2271/6/4
f 2273/6/4 2274/6/4 2275/6/4
f 2272/1/4 2273/1/4 2277/1/4
f 2273/6/4 2275/6/4 2278/6/4
f 2277/1/4 2273/1/4 2278/1/4
f 2275/6/4 2276/6/4 2278/6/4
f 2278/6/4 2276/6/4 2279/6/4
f 2280/6/4 2281/6/4 2286/6/4
f 2283/6/4 2284/6/4 2286/6/4
f 2282/6/4 2283/6/4 2286/6/4
f 2281/6/4 2282/6/4 2286/6/4
f 2286/6/4 2284/6/4 2287/6/4
f 2285/6/4 2286/6/4 2289/6/4
f 2287/6/4 2288/6/4 2289/6/4
f 2286/6/4 2287/6/4 2289/6/4
f 2289/6/4 2288/6/4 2290/6/4
f 2291/1/4 2292/1/4 2293/1/4
f 2293/1/4 2292/1/4 2294/1/4
f 2295/6/4 2296/6/4 2297/6/4
f 2297/6/4 2296/6/4 2298/6/4
f 2299/6/4 2300/6/4 2301/6/4
f 2301/6/4 2300/6/4 2302/6/4
f 2303/6/4 2304/6/4 2305/6/4
f 2305/6/4 2304/6/4 2306/6/4
f 2307/2/4 2308/2/4 2309/2/4
f 2309/2/4 2308/2/4 2314/2/4
f 2314/2/4 2308/2/4 2315/2/4
f 2311/9/4 2312/9/4 2316/9/4
f 2310/9/4 2311/9/4 2316/9/4
f 2316/9/4 2312/9/4 2317/9/4
f 2317/9/4 2312/9/4 2318/9/4
f 2313/9/4 2314/9/4 2319/9/4
f 2319/9/4 2314/9/4 2320/9/4
f 2321/6/4 2322/6/4 2323/6/4
f 2323/6/4 2322/6/4 2324/6/4
f 2325/6/4 2326/6/4 2328/6/4
f 2328/6/4 2326/6/4 2329/6/4
f 2327/6/4 2328/6/4 2330/6/4
f 2330/6/4 2328/6/4 2331/6/4
f 2332/6/4 2333/6/4 2334/6/4
f 2334/6/4 2333/6/4 2335/6/4
f 2336/9/4 2337/9/4 2340/9/4
f 2340/9/4 2337/9/4 2341/9/4
f 2338/1/4 2339/1/4 2343/1/4
f 2343/1/4 2339/1/4 2344/1/4
f 2341/6/4 2342/6/4 2345/6/4
f 2345/6/4 2342/6/4 2346/6/4
f 2347/2/4 2348/2/4 2349/2/4
f 2349/2/4 2348/2/4 2350/2/4
f 2351/1/4 2352/1/4 2357/1/4
f 2357/1/4 2352/1/4 2358/1/4
f 2353/6/4 2354/6/4 2359/6/4
f 2359/6/4 2354/6/4 2360/6/4
f 2355/6/4 2356/6/4 2361/6/4
f 2361/6/4 2356/6/4 2362/6/4
f 2363/1/4 2364/1/4 2365/1/4
f 2365/1/4 2364/1/4 2366/1/4
f 2367/6/4 2368/6/4 2369/6/4
f 2369/6/4 2368/6/4 2370/6/4
f 2370/6/4 2368/6/4 2371/6/4
f 2369/2/4 2370/2/4 2372/2/4
f 2372/2/4 2370/2/4 2373/2/4
f 2374/6/4 2375/6/4 2378/6/4
f 2378/6/4 2375/6/4 2379/6/4
f 2376/6/4 2377/6/4 2380/6/4
f 2380/6/4 2377/6/4 2381/6/4
f 2379/6/4 2380/6/4 2382/6/4
f 2382/6/4 2380/6/4 2383/6/4
f 2384/6/4 2385/6/4 2386/6/4
f 2386/6/4 2385/6/4 2387/6/4
f 2388/2/4 2389/2/4 2391/2/4
f 2391/2/4 2389/2/4 2392/2/4
f 2390/2/4 2391/2/4 2395/2/4
f 2395/2/4 2391/2/4 2396/2/4
f 2393/2/4 2394/2/4 2397/2/4
f 2397/2/4 2394/2/4 2398/2/4
f 2399/1/4 2400/1/4 2401/1/4
f 2401/1/4 2400/1/4 2402/1/4
f 2405/6/4 2406/6/4 2407/6/4
f 2407/6/4 2406/6/4 2408/6/4
f 2408/6/4 2409/6/4 2412/6/4
f 2412/6/4 2409/6/4 2413/6/4
f 2410/6/4 2411/6/4 2414/6/4
f 2414/6/4 2411/6/4 2415/6/4
f 2413/6/4 2414/6/4 2416/6/4
f 2416/6/4 2414/6/4 2417/6/4
f 2403/6/4 2404/6/4 2418/6/4
f 2418/6/4 2404/6/4 2419/6/4
f 2420/6/4 2421/6/4 2423/6/4
f 2423/6/4 2421/6/4 2424/6/4
f 2422/2/4 2423/2/4 2425/2/4
f 2425/2/4 2423/2/4 2426/2/4
f 2427/2/4 2428/2/4 2429/2/4
f 2429/2/4 2428/2/4 2430/2/4
f 2431/1/4 2432/1/4 2436/1/4
f 2433/1/4 2434/1/4 2436/1/4
f 2432/1/4 2433/1/4 2436/1/4
f 2436/1/4 2434/1/4 2437/1/4
f 2435/1/4 2436/1/4 2438/1/4
f 2436/1/4 2437/1/4 2438/1/4
f 2438/1/4 2437/1/4 2439/1/4
f 2439/1/4 2437/1/4 2440/1/4
f 2440/1/4 2437/1/4 2441/1/4
f 2439/3/4 2440/3/4 2444/3/4
f 2444/3/4 2440/3/4 2445/3/4
f 2446/6/4 2447/6/4 2448/6/4
f 2448/6/4 2447/6/4 2449/6/4
f 2449/6/4 2450/6/4 2451/6/4
f 2451/6/4 2450/6/4 2452/6/4
f 2452/6/4 2453/6/4 2454/6/4
f 2454/6/4 2453/6/4 2455/6/4
f 2442/6/4 2443/6/4 2456/6/4
f 2456/6/4 2443/6/4 2457/6/4
f 2458/6/4 2459/6/4 2462/6/4
f 2462/6/4 2459/6/4 2463/6/4
f 2460/6/4 2461/6/4 2464/6/4
f 2464/6/4 2461/6/4 2465/6/4
f 2466/2/4 2467/2/4 2468/2/4
f 2468/2/4 2467/2/4 2469/2/4
f 2470/2/4 2471/2/4 2472/2/4
f 2472/2/4 2471/2/4 2473/2/4
f 2474/6/4 2475/6/4 2478/6/4
f 2478/6/4 2475/6/4 2479/6/4
f 2476/1/4 2477/1/4 2482/1/4
f 2479/6/4 2480/6/4 2483/6/4
f 2481/1/4 2482/1/4 2484/1/4
f 2482/1/4 2477/1/4 2485/1/4
f 2484/1/4 2482/1/4 2485/1/4
f 2479/6/4 2483/6/4 2486/6/4
f 2486/6/4 2483/6/4 2487/6/4
f 2490/9/4 2491/9/4 2493/9/4
f 2491/9/4 2492/9/4 2493/9/4
f 2493/9/4 2492/9/4 2494/9/4
f 2495/9/4 2496/9/4 2497/9/4
f 2497/9/4 2496/9/4 2498/9/4
f 2499/6/4 2500/6/4 2501/6/4
f 2501/6/4 2500/6/4 2502/6/4
f 2488/6/4 2489/6/4 2507/6/4
f 2507/6/4 2489/6/4 2508/6/4
f 2503/2/4 2504/2/4 2509/2/4
f 2509/2/4 2504/2/4 2510/2/4
f 2505/6/4 2506/6/4 2511/6/4
f 2511/6/4 2506/6/4 2512/6/4
f 2513/2/4 2514/2/4 2515/2/4
f 2515/2/4 2514/2/4 2516/2/4
f 2517/1/4 2518/1/4 2520/1/4
f 2519/1/4 2520/1/4 2524/1/4
f 2520/1/4 2518/1/4 2525/1/4
f 2524/1/4 2520/1/4 2525/1/4
f 2521/9/4 2522/9/4 2526/9/4
f 2522/6/4 2523/6/4 2527/6/4
f 2526/9/4 2522/9/4 2527/9/4
f 2527/6/4 2523/6/4 2528/6/4
f 2528/6/4 2523/6/4 2529/6/4
f 2530/6/4 2531/6/4 2534/6/4
f 2534/6/4 2531/6/4 2535/6/4
f 2532/6/4 2533/6/4 2536/6/4
f 2536/6/4 2533/6/4 2537/6/4
f 2538/2/4 2539/2/4 2540/2/4
f 2540/2/4 2539/2/4 2541/2/4
f 2542/2/4 2543/2/4 2544/2/4
f 2544/2/4 2543/2/4 2545/2/4
f 2546/6/4 2547/6/4 2548/6/4
f 2548/6/4 2547/6/4 2549/6/4
f 2550/9/4 2551/9/4 2553/9/4
f 2551/6/4 2552/6/4 2554/6/4
f 2553/9/4 2551/9/4 2554/9/4
f 2554/6/4 2552/6/4 2555/6/4
f 2555/6/4 2556/6/4 2559/6/4
f 2559/6/4 2556/6/4 2560/6/4
f 2557/6/4 2558/6/4 2561/6/4
f 2561/6/4 2558/6/4 2562/6/4
f 2563/6/4 2564/6/4 2566/6/4
f 2565/6/4 2566/6/4 2567/6/4
f 2566/6/4 2564/6/4 2568/6/4
f 2567/6/4 2566/6/4 2568/6/4
f 2569/6/4 2570/6/4 2571/6/4
f 2571/6/4 2570/6/4 2572/6/4
f 2573/6/4 2574/6/4 2575/6/4
f 2575/6/4 2574/6/4 2576/6/4
f 2576/6/4 2577/6/4 2578/6/4
f 2578/6/4 2577/6/4 2579/6/4
f 2582/1/4 2583/1/4 2584/1/4
f 2584/1/4 2583/1/4 2585/1/4
f 2580/6/4 2581/6/4 2586/6/4
f 2586/6/4 2581/6/4 2587/6/4
f 2588/6/4 2589/6/4 2590/6/4
f 2590/6/4 2589/6/4 2591/6/4
f 2592/6/4 2593/6/4 2594/6/4
f 2594/6/4 2593/6/4 2595/6/4
f 2596/2/4 2597/2/4 2598/2/4
f 2598/2/4 2597/2/4 2599/2/4
f 2600/2/4 2601/2/4 2602/2/4
f 2602/2/4 2601/2/4 2603/2/4
f 2604/6/4 2605/6/4 2608/6/4
f 2608/6/4 2605/6/4 2609/6/4
f 2606/2/4 2607/2/4 2613/2/4
f 2613/2/4 2607/2/4 2614/2/4
f 2610/9/4 2611/9/4 2615/9/4
f 2611/6/4 2612/6/4 2616/6/4
f 2615/9/4 2611/9/4 2616/9/4
f 2616/6/4 2612/6/4 2617/6/4
f 2617/6/4 2618/6/4 2619/6/4
f 2619/6/4 2618/6/4 2620/6/4
f 2621/1/4 2622/1/4 2623/1/4
f 2623/1/4 2622/1/4 2624/1/4
f 2621/1/4 2623/1/4 2626/1/4
f 2626/1/4 2623/1/4 2627/1/4
f 2627/1/4 2623/1/4 2628/1/4
f 2625/1/4 2626/1/4 2631/1/4
f 2626/1/4 2627/1/4 2631/1/4
f 2631/1/4 2627/1/4 2632/1/4
f 2632/1/4 2627/1/4 2633/1/4
f 2633/1/4 2627/1/4 2634/1/4
f 2629/1/4 2630/1/4 2635/1/4
f 2635/1/4 2630/1/4 2636/1/4
f 2632/1/4 2633/1/4 2639/1/4
f 2639/1/4 2633/1/4 2640/1/4
f 2637/6/4 2638/6/4 2642/6/4
f 2642/6/4 2638/6/4 2643/6/4
f 2641/6/4 2642/6/4 2644/6/4
f 2644/6/4 2642/6/4 2645/6/4
f 2646/6/4 2647/6/4 2648/6/4
f 2648/6/4 2647/6/4 2649/6/4
f 2650/2/4 2651/2/4 2654/2/4
f 2654/2/4 2651/2/4 2655/2/4
f 2652/2/4 2653/2/4 2656/2/4
f 2656/2/4 2653/2/4 2657/2/4
f 2658/2/4 2659/2/4 2660/2/4
f 2660/2/4 2659/2/4 2661/2/4
f 2662/6/4 2663/6/4 2666/6/4
f 2666/6/4 2663/6/4 2667/6/4
f 2664/2/4 2665/2/4 2669/2/4
f 2669/2/4 2665/2/4 2670/2/4
f 2670/2/4 2665/2/4 2671/2/4
f 2667/6/4 2668/6/4 2673/6/4
f 2666/6/4 2667/6/4 2673/6/4
f 2673/6/4 2668/6/4 2674/6/4
f 2671/2/4 2672/2/4 2678/2/4
f 2670/2/4 2671/2/4 2678/2/4
f 2678/2/4 2672/2/4 2679/2/4
f 2675/9/4 2676/9/4 2683/9/4
f 2676/6/4 2677/6/4 2684/6/4
f 2683/9/4 2676/9/4 2684/9/4
f 2684/6/4 2677/6/4 2685/6/4
f 2681/1/4 2682/1/4 2687/1/4
f 2680/1/4 2681/1/4 2687/1/4
f 2687/1/4 2682/1/4 2688/1/4
f 2685/6/4 2686/6/4 2690/6/4
f 2690/6/4 2686/6/4 2691/6/4
f 2689/6/4 2690/6/4 2694/6/4
f 2694/6/4 2690/6/4 2695/6/4
f 2692/9/4 2693/9/4 2696/9/4
f 2693/6/4 2694/6/4 2697/6/4
f 2696/9/4 2693/9/4 2697/9/4
f 2697/6/4 2694/6/4 2698/6/4
f 2674/6/4 2668/6/4 2699/6/4
f 2699/6/4 2668/6/4 2700/6/4
f 2701/2/4 2702/2/4 2705/2/4
f 2702/2/4 2703/2/4 2705/2/4
f 2705/2/4 2703/2/4 2706/2/4
f 2704/2/4 2705/2/4 2706/2/4
f 2706/2/4 2703/2/4 2707/2/4
f 2704/2/4 2706/2/4 2709/2/4
f 2709/2/4 2706/2/4 2710/2/4
f 2710/2/4 2706/2/4 2711/2/4
f 2708/2/4 2709/2/4 2712/2/4
f 2709/2/4 2710/2/4 2712/2/4
f 2712/2/4 2710/2/4 2713/2/4
f 2714/2/4 2715/2/4 2716/2/4
f 2716/2/4 2715/2/4 2717/2/4
f 2717/2/4 2715/2/4 2718/2/4
f 2717/6/4 2718/6/4 2721/6/4
f 2719/2/4 2720/2/4 2725/2/4
f 2725/2/4 2720/2/4 2726/2/4
f 2717/6/4 2721/6/4 2727/6/4
f 2721/6/4 2722/6/4 2727/6/4
f 2727/6/4 2722/6/4 2728/6/4
f 2723/1/4 2724/1/4 2729/1/4
f 2729/1/4 2724/1/4 2730/1/4
f 2728/6/4 2722/6/4 2732/6/4
f 2731/2/4 2732/2/4 2734/2/4
f 2732/6/4 2722/6/4 2735/6/4
f 2735/6/4 2722/6/4 2736/6/4
f 2733/2/4 2734/2/4 2737/2/4
f 2734/2/4 2732/2/4 2737/2/4
f 2732/6/4 2735/6/4 2737/6/4
f 2737/6/4 2735/6/4 2738/6/4
f 2733/2/4 2737/2/4 2739/2/4
f 2737/2/4 2738/2/4 2739/2/4
f 2738/6/4 2735/6/4 2740/6/4
f 2739/2/4 2738/2/4 2740/2/4
f 2740/6/4 2735/6/4 2741/6/4
f 2733/2/4 2739/2/4 2742/2/4
f 2742/2/4 2739/2/4 2743/2/4
f 2744/2/4 2745/2/4 2747/2/4
f 2747/2/4 2745/2/4 2748/2/4
f 2746/2/4 2747/2/4 2751/2/4
f 2751/2/4 2747/2/4 2752/2/4
f 2749/2/4 2750/2/4 2753/2/4
f 2753/2/4 2750/2/4 2754/2/4
f 2755/2/4 2756/2/4 2757/2/4
f 2757/2/4 2756/2/4 2758/2/4
f 2759/1/4 2760/1/4 2761/1/4
f 2761/1/4 2760/1/4 2762/1/4
f 2763/2/4 2764/2/4 2765/2/4
f 2765/2/4 2764/2/4 2766/2/4
f 2763/2/4 2765/2/4 2768/2/4
f 2768/2/4 2765/2/4 2769/2/4
f 2769/2/4 2765/2/4 2770/2/4
f 2767/2/4 2768/2/4 2772/2/4
f 2768/2/4 2769/2/4 2772/2/4
f 2771/2/4 2772/2/4 2774/2/4
f 2773/2/4 2774/2/4 2776/2/4
f 2772/2/4 2769/2/4 2777/2/4
f 2774/2/4 2772/2/4 2777/2/4
f 2776/2/4 2774/2/4 2777/2/4
f 2777/2/4 2769/2/4 2778/2/4
f 2775/2/4 2776/2/4 2779/2/4
f 2776/2/4 2777/2/4 2779/2/4
f 2779/2/4 2777/2/4 2780/2/4
f 2775/2/4 2779/2/4 2781/2/4
f 2781/2/4 2779/2/4 2782/2/4
f 2783/2/4 2784/2/4 2787/2/4
f 2787/2/4 2784/2/4 2788/2/4
f 2785/6/4 2786/6/4 2791/6/4
f 2791/6/4 2786/6/4 2792/6/4
f 2789/2/4 2790/2/4 2793/2/4
f 2793/2/4 2790/2/4 2794/2/4
f 2794/2/4 2795/2/4 2797/2/4
f 2797/2/4 2795/2/4 2798/2/4
f 2796/2/4 2797/2/4 2799/2/4
f 2799/2/4 2797/2/4 2800/2/4
f 2801/2/4 2802/2/4 2803/2/4
f 2803/2/4 2802/2/4 2804/2/4
f 2805/2/4 2806/2/4 2807/2/4
f 2807/2/4 2806/2/4 2808/2/4
f 2808/2/4 2806/2/4 2809/2/4
f 2808/2/4 2809/2/4 2811/2/4
f 2809/2/4 2810/2/4 2811/2/4
f 2811/2/4 2810/2/4 2812/2/4
f 2805/2/4 2807/2/4 2813/2/4
f 2813/2/4 2807/2/4 2814/2/4
f 2808/2/4 2811/2/4 2818/2/4
f 2818/2/4 2811/2/4 2819/2/4
f 2815/2/4 2816/2/4 2820/2/4
f 2820/2/4 2816/2/4 2821/2/4
f 2817/2/4 2818/2/4 2823/2/4
f 2823/2/4 2818/2/4 2824/2/4
f 2817/2/4 2823/2/4 2826/2/4
f 2821/2/4 2822/2/4 2827/2/4
f 2827/2/4 2822/2/4 2828/2/4
f 2825/2/4 2826/2/4 2829/2/4
f 2826/2/4 2823/2/4 2830/2/4
f 2829/2/4 2826/2/4 2830/2/4
f 2825/2/4 2829/2/4 2832/2/4
f 2831/2/4 2832/2/4 2833/2/4
f 2832/2/4 2829/2/4 2834/2/4
f 2833/2/4 2832/2/4 2834/2/4
f 2831/2/4 2833/2/4 2835/2/4
f 2835/2/4 2833/2/4 2836/2/4
f 2837/2/4 2838/2/4 2839/2/4
f 2839/2/4 2838/2/4 2840/2/4
f 2837/2/4 2839/2/4 2841/2/4
f 2840/2/4 2838/2/4 2844/2/4
f 2841/2/4 2842/2/4 2845/2/4
f 2837/2/4 2841/2/4 2845/2/4
f 2845/2/4 2842/2/4 2846/2/4
f 2843/2/4 2844/2/4 2847/2/4
f 2844/2/4 2838/2/4 2848/2/4
f 2847/2/4 2844/2/4 2848/2/4
f 2846/2/4 2842/2/4 2849/2/4
f 2849/2/4 2842/2/4 2850/2/4
f 2843/2/4 2847/2/4 2853/2/4
f 2853/2/4 2847/2/4 2854/2/4
f 2851/2/4 2852/2/4 2856/2/4
f 2855/2/4 2856/2/4 2857/2/4
f 2856/2/4 2852/2/4 2858/2/4
f 2857/2/4 2856/2/4 2858/2/4
f 2859/2/4 2860/2/4 2861/2/4
f 2861/2/4 2860/2/4 2862/2/4
f 2859/2/4 2861/2/4 2863/2/4
f 2863/2/4 2861/2/4 2864/2/4
f 2862/2/4 2860/2/4 2869/2/4
f 2869/2/4 2860/2/4 2870/2/4
f 2865/2/4 2866/2/4 2871/2/4
f 2867/2/4 2868/2/4 2873/2/4
f 2873/2/4 2868/2/4 2874/2/4
f 2871/2/4 2872/2/4 2875/2/4
f 2865/2/4 2871/2/4 2875/2/4
f 2875/2/4 2872/2/4 2876/2/4
f 2877/2/4 2878/2/4 2879/2/4
f 2879/2/4 2878/2/4 2880/2/4
f 2880/2/4 2878/2/4 2881/2/4
f 2881/2/4 2878/2/4 2882/2/4
f 2880/2/4 2881/2/4 2883/2/4
f 2883/2/4 2881/2/4 2884/2/4
f 2889/1/5 2886/1/5 2885/1/5
f 2890/1/5 2886/1/5 2889/1/5
f 2891/1/5 2888/1/5 2887/1/5
f 2892/1/5 2888/1/5 2891/1/5
f 2896/1/5 2894/1/5 2893/1/5
f 2898/1/5 2896/1/5 2895/1/5
f 2900/1/5 2898/1/5 2897/1/5
f 2902/1/5 2900/1/5 2899/1/5
f 2903/1/5 2900/1/5 2902/1/5
f 2904/1/5 2894/1/5 2896/1/5
f 2904/1/5 2900/1/5 2903/1/5
f 2904/1/5 2896/1/5 2898/1/5
f 2904/1/5 2898/1/5 2900/1/5
f 2905/1/5 2894/1/5 2904/1/5
f 2906/6/5 2903/6/5 2902/6/5
f 2906/6/5 2902/6/5 2901/6/5
f 2906/1/5 2904/1/5 2903/1/5
f 2907/1/5 2904/1/5 2906/1/5
f 2908/1/5 2904/1/5 2907/1/5
f 2909/1/5 2904/1/5 2908/1/5
f 2912/6/5 2907/6/5 2906/6/5
f 2912/1/5 2908/1/5 2907/1/5
f 2913/1/5 2908/1/5 2912/1/5
f 2915/1/5 2911/1/5 2910/1/5
f 2916/6/5 2906/6/5 2901/6/5
f 2916/6/5 2912/6/5 2906/6/5
f 2917/6/5 2912/6/5 2916/6/5
f 2919/1/5 2915/1/5 2914/1/5
f 2921/1/5 2919/1/5 2918/1/5
f 2923/1/5 2921/1/5 2920/1/5
f 2924/1/5 2915/1/5 2919/1/5
f 2924/1/5 2911/1/5 2915/1/5
f 2924/1/5 2921/1/5 2923/1/5
f 2924/1/5 2919/1/5 2921/1/5
f 2925/1/5 2911/1/5 2924/1/5
f 2927/1/5 2923/1/5 2922/1/5
f 2927/1/5 2924/1/5 2923/1/5
f 2928/1/5 2924/1/5 2927/1/5
f 2929/1/5 2924/1/5 2928/1/5
f 2930/1/5 2924/1/5 2929/1/5
f 2931/6/5 2927/6/5 2926/6/5
f 2931/6/5 2928/6/5 2927/6/5
f 2931/1/5 2929/1/5 2928/1/5
f 2932/1/5 2929/1/5 2931/1/5
f 2933/1/5 2929/1/5 2932/1/5
f 2934/1/5 2929/1/5 2933/1/5
f 2935/6/5 2932/6/5 2931/6/5
f 2935/1/5 2933/1/5 2932/1/5
f 2936/1/5 2933/1/5 2935/1/5
f 2937/6/5 2931/6/5 2926/6/5
f 2937/6/5 2935/6/5 2931/6/5
f 2938/6/5 2935/6/5 2937/6/5
f 2941/1/5 2940/1/5 2939/1/5
f 2942/1/5 2940/1/5 2941/1/5
f 2944/1/5 2943/1/5 2942/1/5
f 2945/1/5 2943/1/5 2944/1/5
f 2948/1/5 2947/1/5 2946/1/5
f 2949/1/5 2947/1/5 2948/1/5
f 2952/1/5 2951/1/5 2950/1/5
f 2953/1/5 2951/1/5 2952/1/5
f 2958/2/5 2955/2/5 2954/2/5
f 2958/2/5 2956/2/5 2955/2/5
f 2960/2/5 2958/2/5 2957/2/5
f 2961/2/5 2960/2/5 2959/2/5
f 2962/2/5 2956/2/5 2958/2/5
f 2962/2/5 2960/2/5 2961/2/5
f 2962/2/5 2958/2/5 2960/2/5
f 2965/2/5 2964/2/5 2963/2/5
f 2966/2/5 2964/2/5 2965/2/5
f 2971/2/5 2970/2/5 2969/2/5
f 2972/2/5 2970/2/5 2971/2/5
f 2973/2/5 2968/2/5 2967/2/5
f 2976/2/5 2974/2/5 2973/2/5
f 2976/2/5 2973/2/5 2967/2/5
f 2977/2/5 2974/2/5 2976/2/5
f 2978/2/5 2974/2/5 2977/2/5
f 2979/2/5 2976/2/5 2975/2/5
f 2979/2/5 2977/2/5 2976/2/5
f 2980/2/5 2977/2/5 2979/2/5
f 2984/1/5 2982/1/5 2981/1/5
f 2985/1/5 2982/1/5 2984/1/5
f 2988/9/5 2984/9/5 2983/9/5
f 2988/9/5 2985/9/5 2984/9/5
f 2989/9/5 2985/9/5 2988/9/5
f 2990/2/5 2987/2/5 2986/2/5
f 2991/2/5 2987/2/5 2990/2/5
f 2993/2/5 2992/2/5 2991/2/5
f 2994/2/5 2992/2/5 2993/2/5
f 2997/2/5 2996/2/5 2995/2/5
f 2998/2/5 2996/2/5 2997/2/5
f 3002/9/5 3000/9/5 2999/9/5
f 3003/9/5 3000/9/5 3002/9/5
f 3004/9/5 3002/9/5 3001/9/5
f 3007/9/5 3006/9/5 3005/9/5
f 3008/9/5 3006/9/5 3007/9/5
f 3009/9/5 3006/9/5 3008/9/5
f 3010/9/5 3004/9/5 3001/9/5
f 3011/9/5 3004/9/5 3010/9/5
f 3016/9/5 3015/9/5 3014/9/5
f 3017/9/5 3015/9/5 3016/9/5
f 3021/9/5 3018/9/5 3017/9/5
f 3022/9/5 3018/9/5 3021/9/5
f 3023/1/5 3020/1/5 3019/1/5
f 3024/1/5 3020/1/5 3023/1/5
f 3025/9/5 3013/9/5 3012/9/5
f 3026/9/5 3013/9/5 3025/9/5
f 3029/2/5 3028/2/5 3027/2/5
f 3030/2/5 3028/2/5 3029/2/5
f 3031/2/5 3028/2/5 3030/2/5
f 3034/2/5 3032/2/5 3031/2/5
f 3034/2/5 3031/2/5 3030/2/5
f 3035/2/5 3032/2/5 3034/2/5
f 3036/2/5 3034/2/5 3033/2/5
f 3037/2/5 3034/2/5 3036/2/5
f 3040/2/5 3039/2/5 3038/2/5
f 3041/2/5 3039/2/5 3040/2/5
f 3044/9/5 3043/9/5 3042/9/5
f 3045/9/5 3043/9/5 3044/9/5
f 3049/3/5 3047/3/5 3046/3/5
f 3050/3/5 3049/3/5 3048/3/5
f 3051/3/5 3047/3/5 3049/3/5
f 3051/3/5 3049/3/5 3050/3/5
f 3052/3/5 3047/3/5 3051/3/5
f 3053/3/5 3052/3/5 3051/3/5
f 3054/3/5 3052/3/5 3053/3/5
f 3059/9/5 3056/9/5 3055/9/5
f 3060/9/5 3056/9/5 3059/9/5
f 3062/9/5 3058/9/5 3057/9/5
f 3063/9/5 3058/9/5 3062/9/5
f 3065/9/5 3061/9/5 3060/9/5
f 3066/9/5 3061/9/5 3065/9/5
f 3067/9/5 3064/9/5 3063/9/5
f 3068/9/5 3064/9/5 3067/9/5
f 3072/2/5 3070/2/5 3069/2/5
f 3074/2/5 3072/2/5 3071/2/5
f 3075/2/5 3070/2/5 3072/2/5
f 3075/2/5 3072/2/5 3074/2/5
f 3076/2/5 3070/2/5 3075/2/5
f 3077/2/5 3074/2/5 3073/2/5
f 3077/2/5 3075/2/5 3074/2/5
f 3078/2/5 3075/2/5 3077/2/5
f 3084/3/5 3080/3/5 3079/3/5
f 3085/3/5 3080/3/5 3084/3/5
f 3087/6/5 3083/6/5 3082/6/5
f 3087/6/5 3082/6/5 3081/6/5
f 3088/6/5 3083/6/5 3087/6/5
f 3089/6/5 3086/6/5 3085/6/5
f 3089/3/5 3085/3/5 3084/3/5
f 3090/6/5 3086/6/5 3089/6/5
f 3093/6/5 3083/6/5 3088/6/5
f 3094/6/5 3083/6/5 3093/6/5
f 3095/9/5 3084/9/5 3083/9/5
f 3095/6/5 3083/6/5 3094/6/5
f 3096/3/5 3089/3/5 3084/3/5
f 3096/9/5 3084/9/5 3095/9/5
f 3097/3/5 3089/3/5 3096/3/5
f 3098/3/5 3089/3/5 3097/3/5
f 3099/9/5 3090/9/5 3089/9/5
f 3099/3/5 3089/3/5 3098/3/5
f 3100/6/5 3086/6/5 3090/6/5
f 3100/9/5 3090/9/5 3099/9/5
f 3101/6/5 3086/6/5 3100/6/5
f 3104/9/5 3092/9/5 3091/9/5
f 3105/9/5 3092/9/5 3104/9/5
f 3106/9/5 3094/9/5 3093/9/5
f 3107/6/5 3095/6/5 3094/6/5
f 3107/9/5 3094/9/5 3106/9/5
f 3107/6/5 3096/6/5 3095/6/5
f 3108/9/5 3097/9/5 3096/9/5
f 3108/6/5 3096/6/5 3107/6/5
f 3109/3/5 3098/3/5 3097/3/5
f 3109/9/5 3097/9/5 3108/9/5
f 3110/9/5 3099/9/5 3098/9/5
f 3110/3/5 3098/3/5 3109/3/5
f 3111/6/5 3100/6/5 3099/6/5
f 3111/9/5 3099/9/5 3110/9/5
f 3112/9/5 3103/9/5 3102/9/5
f 3113/9/5 3103/9/5 3112/9/5
f 3115/6/5 3107/6/5 3106/6/5
f 3116/9/5 3108/9/5 3107/9/5
f 3116/6/5 3107/6/5 3115/6/5
f 3117/6/5 3109/6/5 3108/6/5
f 3117/9/5 3108/9/5 3116/9/5
f 3117/6/5 3111/6/5 3110/6/5
f 3117/6/5 3110/6/5 3109/6/5
f 3118/6/5 3111/6/5 3117/6/5
f 3119/6/5 3100/6/5 3111/6/5
f 3119/6/5 3111/6/5 3118/6/5
f 3120/6/5 3118/6/5 3117/6/5
f 3120/6/5 3116/6/5 3115/6/5
f 3120/6/5 3115/6/5 3114/6/5
f 3120/6/5 3117/6/5 3116/6/5
f 3121/9/5 3119/9/5 3118/9/5
f 3121/6/5 3118/6/5 3120/6/5
f 3122/9/5 3119/9/5 3121/9/5
f 3123/6/5 3121/6/5 3120/6/5
f 3124/6/5 3121/6/5 3123/6/5
f 3125/6/5 3121/6/5 3124/6/5
f 3126/6/5 3121/6/5 3125/6/5
f 3129/6/5 3125/6/5 3124/6/5
f 3130/6/5 3125/6/5 3129/6/5
f 3131/6/5 3125/6/5 3130/6/5
f 3132/9/5 3128/9/5 3127/9/5
f 3133/9/5 3128/9/5 3132/9/5
f 3136/1/5 3135/1/5 3134/1/5
f 3137/1/5 3135/1/5 3136/1/5
f 3140/2/5 3139/2/5 3138/2/5
f 3141/2/5 3139/2/5 3140/2/5
f 3143/2/5 3142/2/5 3141/2/5
f 3144/2/5 3142/2/5 3143/2/5
f 3145/2/5 3142/2/5 3144/2/5
f 3146/2/5 3142/2/5 3145/2/5
f 3149/2/5 3148/2/5 3147/2/5
f 3150/2/5 3148/2/5 3149/2/5
f 3155/6/5 3152/6/5 3151/6/5
f 3156/6/5 3152/6/5 3155/6/5
f 3159/6/5 3154/6/5 3153/6/5
f 3160/6/5 3154/6/5 3159/6/5
f 3162/6/5 3155/6/5 3151/6/5
f 3163/3/5 3158/3/5 3157/3/5
f 3164/3/5 3158/3/5 3163/3/5
f 3165/6/5 3162/6/5 3161/6/5
f 3165/6/5 3155/6/5 3162/6/5
f 3166/6/5 3155/6/5 3165/6/5
f 3168/6/5 3154/6/5 3160/6/5
f 3170/6/5 3165/6/5 3161/6/5
f 3171/6/5 3165/6/5 3170/6/5
f 3172/6/5 3168/6/5 3167/6/5
f 3172/6/5 3154/6/5 3168/6/5
f 3173/6/5 3154/6/5 3172/6/5
f 3175/10/5 3170/10/5 3169/10/5
f 3176/10/5 3170/10/5 3175/10/5
f 3180/6/5 3172/6/5 3167/6/5
f 3181/9/5 3175/9/5 3174/9/5
f 3182/9/5 3175/9/5 3181/9/5
f 3184/6/5 3178/6/5 3177/6/5
f 3185/6/5 3178/6/5 3184/6/5
f 3186/6/5 3180/6/5 3179/6/5
f 3186/6/5 3172/6/5 3180/6/5
f 3187/6/5 3172/6/5 3186/6/5
f 3188/6/5 3185/6/5 3184/6/5
f 3188/6/5 3184/6/5 3183/6/5
f 3189/6/5 3185/6/5 3188/6/5
f 3190/6/5 3185/6/5 3189/6/5
f 3191/6/5 3186/6/5 3179/6/5
f 3196/6/5 3189/6/5 3188/6/5
f 3197/6/5 3189/6/5 3196/6/5
f 3199/6/5 3186/6/5 3191/6/5
f 3200/6/5 3186/6/5 3199/6/5
f 3201/6/5 3199/6/5 3198/6/5
f 3202/6/5 3199/6/5 3201/6/5
f 3203/6/5 3201/6/5 3198/6/5
f 3204/6/5 3201/6/5 3203/6/5
f 3206/6/5 3203/6/5 3198/6/5
f 3207/6/5 3203/6/5 3206/6/5
f 3212/6/5 3206/6/5 3205/6/5
f 3213/6/5 3206/6/5 3212/6/5
f 3214/6/5 3195/6/5 3194/6/5
f 3215/6/5 3195/6/5 3214/6/5
f 3216/9/5 3210/9/5 3209/9/5
f 3217/6/5 3209/6/5 3208/6/5
f 3218/9/5 3216/9/5 3209/9/5
f 3218/6/5 3209/6/5 3217/6/5
f 3219/9/5 3216/9/5 3218/9/5
f 3220/6/5 3212/6/5 3211/6/5
f 3221/6/5 3212/6/5 3220/6/5
f 3222/6/5 3219/6/5 3218/6/5
f 3223/9/5 3216/9/5 3219/9/5
f 3223/6/5 3219/6/5 3222/6/5
f 3224/9/5 3216/9/5 3223/9/5
f 3225/6/5 3224/6/5 3223/6/5
f 3227/6/5 3225/6/5 3223/6/5
f 3227/6/5 3226/6/5 3225/6/5
f 3228/6/5 3226/6/5 3227/6/5
f 3229/6/5 3226/6/5 3228/6/5
f 3232/2/5 3193/2/5 3192/2/5
f 3233/6/5 3230/6/5 3229/6/5
f 3233/6/5 3229/6/5 3228/6/5
f 3234/6/5 3230/6/5 3233/6/5
f 3235/2/5 3232/2/5 3231/2/5
f 3236/2/5 3193/2/5 3232/2/5
f 3236/2/5 3232/2/5 3235/2/5
f 3237/2/5 3193/2/5 3236/2/5
f 3238/2/5 3193/2/5 3237/2/5
f 3243/3/5 3240/3/5 3239/3/5
f 3244/3/5 3240/3/5 3243/3/5
f 3245/3/5 3242/3/5 3241/3/5
f 3246/3/5 3242/3/5 3245/3/5
f 3247/9/5 3244/9/5 3243/9/5
f 3248/9/5 3244/9/5 3247/9/5
f 3249/9/5 3246/9/5 3245/9/5
f 3250/9/5 3246/9/5 3249/9/5
f 3256/6/5 3252/6/5 3251/6/5
f 3257/6/5 3252/6/5 3256/6/5
f 3260/10/5 3256/10/5 3255/10/5
f 3261/10/5 3256/10/5 3260/10/5
f 3262/2/5 3254/2/5 3253/2/5
f 3263/2/5 3254/2/5 3262/2/5
f 3264/6/5 3259/6/5 3258/6/5
f 3265/6/5 3259/6/5 3264/6/5
f 3269/6/5 3267/6/5 3266/6/5
f 3270/6/5 3267/6/5 3269/6/5
f 3272/6/5 3269/6/5 3268/6/5
f 3273/6/5 3269/6/5 3272/6/5
f 3275/6/5 3272/6/5 3271/6/5
f 3276/6/5 3272/6/5 3275/6/5
f 3279/6/5 3275/6/5 3274/6/5
f 3280/6/5 3275/6/5 3279/6/5
f 3281/9/5 3278/9/5 3277/9/5
f 3282/9/5 3278/9/5 3281/9/5
f 3283/1/5 3282/1/5 3281/1/5
f 3284/1/5 3282/1/5 3283/1/5
f 3290/2/5 3286/2/5 3285/2/5
f 3291/2/5 3286/2/5 3290/2/5
f 3292/1/5 3288/1/5 3287/1/5
f 3293/1/5 3288/1/5 3292/1/5
f 3294/2/5 3290/2/5 3289/2/5
f 3295/2/5 3290/2/5 3294/2/5
f 3300/3/5 3299/3/5 3298/3/5
f 3301/3/5 3299/3/5 3300/3/5
f 3302/2/5 3297/2/5 3296/2/5
f 3303/2/5 3297/2/5 3302/2/5
f 3306/2/5 3305/2/5 3304/2/5
f 3307/2/5 3305/2/5 3306/2/5
f 3310/2/5 3309/2/5 3308/2/5
f 3311/2/5 3309/2/5 3310/2/5
f 3315/2/5 3313/2/5 3312/2/5
f 3316/2/5 3315/2/5 3314/2/5
f 3317/2/5 3313/2/5 3315/2/5
f 3317/2/5 3315/2/5 3316/2/5
f 3320/2/5 3319/2/5 3318/2/5
f 3321/2/5 3319/2/5 3320/2/5
f 3324/2/5 3323/2/5 3322/2/5
f 3325/2/5 3323/2/5 3324/2/5
f 3326/2/5 3324/2/5 3322/2/5
f 3327/2/5 3324/2/5 3326/2/5
f 3330/2/5 3329/2/5 3328/2/5
f 3331/2/5 3329/2/5 3330/2/5
f 3334/2/5 3333/2/5 3332/2/5
f 3336/2/5 3334/2/5 3332/2/5
f 3336/2/5 3335/2/5 3334/2/5
f 3337/2/5 3335/2/5 3336/2/5
f 3339/2/5 3335/2/5 3337/2/5
f 3340/2/5 3335/2/5 3339/2/5
f 3341/2/5 3339/2/5 3338/2/5
f 3341/2/5 3340/2/5 3339/2/5
f 3342/2/5 3340/2/5 3341/2/5
f 3343/2/5 3340/2/5 3342/2/5
f 3345/2/5 3341/2/5 3338/2/5
f 3346/2/5 3341/2/5 3345/2/5
f 3349/2/5 3348/2/5 3347/2/5
f 3350/2/5 3348/2/5 3349/2/5
f 3351/2/5 3345/2/5 3344/2/5
f 3355/2/5 3354/2/5 3353/2/5
f 3356/2/5 3354/2/5 3355/2/5
f 3357/2/5 3351/2/5 3344/2/5
f 3357/2/5 3352/2/5 3351/2/5
f 3358/2/5 3352/2/5 3357/2/5
f 3364/4/5 3360/4/5 3359/4/5
f 3365/4/5 3360/4/5 3364/4/5
f 3368/2/5 3362/2/5 3361/2/5
f 3369/2/5 3362/2/5 3368/2/5
f 3370/4/5 3364/4/5 3363/4/5
f 3371/4/5 3364/4/5 3370/4/5
f 3372/1/5 3365/1/5 3364/1/5
f 3372/4/5 3364/4/5 3371/4/5
f 3372/1/5 3366/1/5 3365/1/5
f 3373/4/5 3367/4/5 3366/4/5
f 3373/1/5 3366/1/5 3372/1/5
f 3374/4/5 3367/4/5 3373/4/5
f 3375/1/5 3372/1/5 3371/1/5
f 3375/1/5 3374/1/5 3373/1/5
f 3375/1/5 3373/1/5 3372/1/5
f 3376/1/5 3374/1/5 3375/1/5
f 3377/4/5 3367/4/5 3374/4/5
f 3377/1/5 3374/1/5 3376/1/5
f 3378/4/5 3367/4/5 3377/4/5
f 3380/2/5 3379/2/5 3378/2/5
f 3381/1/5 3375/1/5 3371/1/5
f 3382/1/5 3378/1/5 3377/1/5
f 3382/1/5 3377/1/5 3376/1/5
f 3383/2/5 3380/2/5 3378/2/5
f 3383/1/5 3382/1/5 3381/1/5
f 3383/1/5 3378/1/5 3382/1/5
f 3384/2/5 3380/2/5 3383/2/5
f 3385/1/5 3383/1/5 3381/1/5
f 3386/1/5 3383/1/5 3385/1/5
f 3389/1/5 3381/1/5 3371/1/5
f 3389/1/5 3385/1/5 3381/1/5
f 3390/1/5 3385/1/5 3389/1/5
f 3391/1/5 3383/1/5 3386/1/5
f 3392/1/5 3383/1/5 3391/1/5
f 3393/1/5 3383/1/5 3392/1/5
f 3394/2/5 3388/2/5 3387/2/5
f 3395/2/5 3388/2/5 3394/2/5
f 3403/4/5 3397/4/5 3396/4/5
f 3404/4/5 3397/4/5 3403/4/5
f 3405/1/5 3399/1/5 3398/1/5
f 3406/4/5 3400/4/5 3399/4/5
f 3406/1/5 3399/1/5 3405/1/5
f 3407/1/5 3401/1/5 3400/1/5
f 3407/4/5 3400/4/5 3406/4/5
f 3408/4/5 3402/4/5 3401/4/5
f 3408/1/5 3401/1/5 3407/1/5
f 3409/4/5 3402/4/5 3408/4/5
f 3410/4/5 3402/4/5 3409/4/5
f 3414/4/5 3413/4/5 3412/4/5
f 3415/4/5 3413/4/5 3414/4/5
f 3417/4/5 3411/4/5 3410/4/5
f 3418/4/5 3411/4/5 3417/4/5
f 3419/4/5 3416/4/5 3415/4/5
f 3420/4/5 3416/4/5 3419/4/5
f 3423/2/5 3422/2/5 3421/2/5
f 3424/2/5 3422/2/5 3423/2/5
f 3426/1/5 3420/1/5 3419/1/5
f 3429/1/5 3420/1/5 3426/1/5
f 3429/2/5 3426/2/5 3425/2/5
f 3430/1/5 3420/1/5 3429/1/5
f 3431/1/5 3428/1/5 3427/1/5
f 3432/1/5 3428/1/5 3431/1/5
f 3434/2/5 3430/2/5 3429/2/5
f 3434/2/5 3433/2/5 3432/2/5
f 3434/2/5 3432/2/5 3431/2/5
f 3434/2/5 3431/2/5 3430/2/5
f 3435/2/5 3433/2/5 3434/2/5
f 3436/2/5 3434/2/5 3429/2/5
f 3438/2/5 3436/2/5 3429/2/5
f 3438/2/5 3437/2/5 3436/2/5
f 3439/2/5 3437/2/5 3438/2/5
f 3440/2/5 3438/2/5 3429/2/5
f 3441/2/5 3438/2/5 3440/2/5
f 3442/2/5 3440/2/5 3429/2/5
f 3443/2/5 3440/2/5 3442/2/5
f 3444/2/5 3429/2/5 3425/2/5
f 3444/2/5 3442/2/5 3429/2/5
f 3445/2/5 3442/2/5 3444/2/5
f 3446/2/5 3444/2/5 3425/2/5
f 3447/2/5 3444/2/5 3446/2/5
f 3450/2/5 3449/2/5 3448/2/5
f 3451/2/5 3449/2/5 3450/2/5
f 3454/2/5 3453/2/5 3452/2/5
f 3456/2/5 3454/2/5 3452/2/5
f 3456/2/5 3455/2/5 3454/2/5
f 3457/2/5 3455/2/5 3456/2/5
f 3460/6/5 3459/6/5 3458/6/5
f 3462/6/5 3460/6/5 3458/6/5
f 3462/6/5 3461/6/5 3460/6/5
f 3463/6/5 3461/6/5 3462/6/5
f 3471/2/5 3465/2/5 3464/2/5
f 3472/2/5 3465/2/5 3471/2/5
f 3474/2/5 3467/2/5 3466/2/5
f 3475/2/5 3467/2/5 3474/2/5
f 3476/2/5 3469/2/5 3468/2/5
f 3477/2/5 3469/2/5 3476/2/5
f 3479/2/5 3473/2/5 3472/2/5
f 3479/2/5 3471/2/5 3470/2/5
f 3479/2/5 3472/2/5 3471/2/5
f 3480/2/5 3473/2/5 3479/2/5
f 3481/2/5 3478/2/5 3477/2/5
f 3482/2/5 3478/2/5 3481/2/5
f 3485/2/5 3484/2/5 3483/2/5
f 3486/2/5 3484/2/5 3485/2/5
f 3490/6/5 3488/6/5 3487/6/5
f 3490/6/5 3489/6/5 3488/6/5
f 3491/6/5 3489/6/5 3490/6/5
f 3492/6/5 3490/6/5 3487/6/5
f 3493/6/5 3490/6/5 3492/6/5
f 3498/2/5 3495/2/5 3494/2/5
f 3499/2/5 3495/2/5 3498/2/5
f 3500/2/5 3495/2/5 3499/2/5
f 3501/2/5 3497/2/5 3496/2/5
f 3502/2/5 3497/2/5 3501/2/5
f 3505/6/5 3504/6/5 3503/6/5
f 3506/6/5 3504/6/5 3505/6/5
f 3515/2/5 3508/2/5 3507/2/5
f 3516/2/5 3508/2/5 3515/2/5
f 3517/2/5 3510/2/5 3509/2/5
f 3518/2/5 3510/2/5 3517/2/5
f 3519/2/5 3512/2/5 3511/2/5
f 3522/2/5 3514/2/5 3513/2/5
f 3523/2/5 3514/2/5 3522/2/5
f 3525/2/5 3519/2/5 3518/2/5
f 3525/2/5 3512/2/5 3519/2/5
f 3526/2/5 3521/2/5 3520/2/5
f 3527/2/5 3524/2/5 3523/2/5
f 3528/2/5 3524/2/5 3527/2/5
f 3529/2/5 3525/2/5 3518/2/5
f 3529/2/5 3526/2/5 3525/2/5
f 3530/2/5 3521/2/5 3526/2/5
f 3530/2/5 3526/2/5 3529/2/5
f 3531/2/5 3521/2/5 3530/2/5
f 3536/2/5 3533/2/5 3532/2/5
f 3537/2/5 3535/2/5 3534/2/5
f 3538/2/5 3535/2/5 3537/2/5
f 3542/2/5 3533/2/5 3536/2/5
f 3543/2/5 3533/2/5 3542/2/5
f 3544/6/5 3540/6/5 3539/6/5
f 3545/2/5 3541/2/5 3540/2/5
f 3545/6/5 3540/6/5 3544/6/5
f 3546/2/5 3541/2/5 3545/2/5
f 3547/2/5 3533/2/5 3543/2/5
f 3548/2/5 3533/2/5 3547/2/5
f 3551/2/5 3550/2/5 3549/2/5
f 3552/2/5 3550/2/5 3551/2/5
f 3555/2/5 3554/2/5 3553/2/5
f 3556/2/5 3554/2/5 3555/2/5
f 3557/1/6 3558/1/6 3561/1/6
f 3561/1/6 3558/1/6 3562/1/6
f 3559/1/6 3560/1/6 3563/1/6
f 3563/1/6 3560/1/6 3564/1/6
f 3565/6/6 3566/6/6 3567/6/6
f 3565/6/6 3567/6/6 3571/6/6
f 3567/6/6 3568/6/6 3571/6/6
f 3571/6/6 3568/6/6 3572/6/6
f 3569/1/6 3570/1/6 3574/1/6
f 3574/1/6 3570/1/6 3575/1/6
f 3573/1/6 3574/1/6 3577/1/6
f 3576/1/6 3577/1/6 3579/1/6
f 3578/1/6 3579/1/6 3580/1/6
f 3577/1/6 3574/1/6 3581/1/6
f 3580/1/6 3579/1/6 3581/1/6
f 3579/1/6 3577/1/6 3581/1/6
f 3580/1/6 3581/1/6 3582/1/6
f 3582/1/6 3581/1/6 3583/1/6
f 3583/1/6 3581/1/6 3584/1/6
f 3584/1/6 3581/1/6 3585/1/6
f 3583/1/6 3584/1/6 3586/1/6
f 3586/1/6 3584/1/6 3587/1/6
f 3587/1/6 3584/1/6 3588/1/6
f 3589/1/6 3590/1/6 3592/1/6
f 3592/1/6 3590/1/6 3593/1/6
f 3591/1/6 3592/1/6 3595/1/6
f 3595/1/6 3592/1/6 3596/1/6
f 3594/1/6 3595/1/6 3596/1/6
f 3594/1/6 3596/1/6 3598/1/6
f 3596/1/6 3597/1/6 3598/1/6
f 3598/1/6 3597/1/6 3599/1/6
f 3600/1/6 3601/1/6 3602/1/6
f 3600/1/6 3602/1/6 3606/1/6
f 3602/1/6 3603/1/6 3606/1/6
f 3606/1/6 3603/1/6 3607/1/6
f 3604/6/6 3605/6/6 3608/6/6
f 3604/6/6 3608/6/6 3610/6/6
f 3608/6/6 3609/6/6 3610/6/6
f 3610/6/6 3609/6/6 3611/6/6
f 3612/1/6 3613/1/6 3614/1/6
f 3612/1/6 3614/1/6 3616/1/6
f 3614/1/6 3615/1/6 3616/1/6
f 3616/1/6 3615/1/6 3617/1/6
f 3618/1/6 3619/1/6 3620/1/6
f 3620/1/6 3619/1/6 3621/1/6
f 3622/6/6 3623/6/6 3628/6/6
f 3628/6/6 3623/6/6 3629/6/6
f 3624/6/6 3625/6/6 3630/6/6
f 3630/6/6 3625/6/6 3631/6/6
f 3626/6/6 3627/6/6 3632/6/6
f 3632/6/6 3627/6/6 3633/6/6
f 3634/2/6 3635/2/6 3636/2/6
f 3636/2/6 3635/2/6 3637/2/6
f 3638/2/6 3639/2/6 3640/2/6
f 3640/2/6 3639/2/6 3641/2/6
f 3642/6/6 3643/6/6 3648/6/6
f 3648/6/6 3643/6/6 3649/6/6
f 3644/3/6 3645/3/6 3650/3/6
f 3650/3/6 3645/3/6 3651/3/6
f 3646/6/6 3647/6/6 3652/6/6
f 3652/6/6 3647/6/6 3653/6/6
f 3653/6/6 3654/6/6 3655/6/6
f 3655/6/6 3654/6/6 3656/6/6
f 3657/6/6 3658/6/6 3660/6/6
f 3660/6/6 3658/6/6 3661/6/6
f 3659/6/6 3660/6/6 3663/6/6
f 3663/6/6 3660/6/6 3664/6/6
f 3662/6/6 3663/6/6 3665/6/6
f 3665/6/6 3663/6/6 3666/6/6
f 3667/6/6 3668/6/6 3670/6/6
f 3670/6/6 3668/6/6 3671/6/6
f 3669/6/6 3670/6/6 3672/6/6
f 3672/6/6 3670/6/6 3673/6/6
f 3674/2/6 3675/2/6 3676/2/6
f 3676/2/6 3675/2/6 3677/2/6
f 3680/3/6 3681/3/6 3686/3/6
f 3686/3/6 3681/3/6 3687/3/6
f 3682/3/6 3683/3/6 3688/3/6
f 3688/3/6 3683/3/6 3689/3/6
f 3684/6/6 3685/6/6 3693/6/6
f 3693/6/6 3685/6/6 3694/6/6
f 3690/6/6 3691/6/6 3695/6/6
f 3695/6/6 3691/6/6 3696/6/6
f 3678/2/6 3679/2/6 3698/2/6
f 3698/2/6 3679/2/6 3699/2/6
f 3692/6/6 3693/6/6 3701/6/6
f 3701/6/6 3693/6/6 3702/6/6
f 3696/6/6 3697/6/6 3703/6/6
f 3703/6/6 3697/6/6 3704/6/6
f 3700/10/6 3701/10/6 3706/10/6
f 3706/10/6 3701/10/6 3707/10/6
f 3705/9/6 3706/9/6 3712/9/6
f 3712/9/6 3706/9/6 3713/9/6
f 3707/6/6 3708/6/6 3714/6/6
f 3714/6/6 3708/6/6 3715/6/6
f 3709/6/6 3710/6/6 3718/6/6
f 3718/6/6 3710/6/6 3719/6/6
f 3711/10/6 3712/10/6 3721/10/6
f 3721/10/6 3712/10/6 3722/10/6
f 3713/10/6 3714/10/6 3723/10/6
f 3715/6/6 3716/6/6 3724/6/6
f 3723/10/6 3714/10/6 3724/10/6
f 3714/6/6 3715/6/6 3724/6/6
f 3724/6/6 3716/6/6 3725/6/6
f 3717/6/6 3718/6/6 3726/6/6
f 3721/6/6 3722/6/6 3728/6/6
f 3720/6/6 3721/6/6 3728/6/6
f 3728/6/6 3722/6/6 3729/6/6
f 3724/6/6 3725/6/6 3730/6/6
f 3726/6/6 3718/6/6 3730/6/6
f 3725/6/6 3726/6/6 3730/6/6
f 3730/6/6 3718/6/6 3731/6/6
f 3724/6/6 3730/6/6 3732/6/6
f 3732/6/6 3730/6/6 3733/6/6
f 3733/6/6 3730/6/6 3734/6/6
f 3734/6/6 3730/6/6 3735/6/6
f 3733/6/6 3734/6/6 3736/6/6
f 3736/6/6 3734/6/6 3737/6/6
f 3737/6/6 3734/6/6 3738/6/6
f 3738/6/6 3734/6/6 3739/6/6
f 3737/6/6 3738/6/6 3740/6/6
f 3740/6/6 3738/6/6 3741/6/6
f 3741/6/6 3738/6/6 3742/6/6
f 3742/6/6 3738/6/6 3743/6/6
f 3727/6/6 3728/6/6 3744/6/6
f 3744/6/6 3728/6/6 3745/6/6
f 3741/6/6 3742/6/6 3747/6/6
f 3747/6/6 3742/6/6 3748/6/6
f 3745/6/6 3746/6/6 3749/6/6
f 3749/6/6 3746/6/6 3750/6/6
f 3750/6/6 3746/6/6 3751/6/6
f 3751/6/6 3746/6/6 3752/6/6
f 3752/6/6 3753/6/6 3754/6/6
f 3754/6/6 3753/6/6 3755/6/6
f 3741/6/6 3747/6/6 3758/6/6
f 3758/6/6 3747/6/6 3759/6/6
f 3755/6/6 3756/6/6 3760/6/6
f 3760/6/6 3756/6/6 3761/6/6
f 3757/6/6 3758/6/6 3762/6/6
f 3762/6/6 3758/6/6 3763/6/6
f 3761/6/6 3762/6/6 3764/6/6
f 3764/6/6 3762/6/6 3765/6/6
f 3766/2/6 3767/2/6 3768/2/6
f 3768/2/6 3767/2/6 3769/2/6
f 3770/2/6 3771/2/6 3772/2/6
f 3772/2/6 3771/2/6 3773/2/6
f 3774/2/6 3775/2/6 3776/2/6
f 3776/2/6 3775/2/6 3777/2/6
f 3778/6/6 3779/6/6 3785/6/6
f 3781/9/6 3782/9/6 3786/9/6
f 3786/9/6 3782/9/6 3787/9/6
f 3782/6/6 3783/6/6 3788/6/6
f 3779/9/6 3780/9/6 3790/9/6
f 3784/6/6 3785/6/6 3790/6/6
f 3785/6/6 3779/6/6 3790/6/6
f 3790/9/6 3780/9/6 3791/9/6
f 3787/9/6 3782/9/6 3792/9/6
f 3786/3/6 3787/3/6 3792/3/6
f 3788/6/6 3789/6/6 3793/6/6
f 3792/9/6 3782/9/6 3793/9/6
f 3782/6/6 3788/6/6 3793/6/6
f 3790/6/6 3791/6/6 3794/6/6
f 3784/6/6 3790/6/6 3794/6/6
f 3794/6/6 3791/6/6 3795/6/6
f 3795/6/6 3791/6/6 3796/6/6
f 3786/3/6 3792/3/6 3797/3/6
f 3795/6/6 3796/6/6 3801/6/6
f 3796/3/6 3797/3/6 3802/3/6
f 3801/6/6 3796/6/6 3802/6/6
f 3802/3/6 3797/3/6 3803/3/6
f 3797/3/6 3792/3/6 3804/3/6
f 3803/3/6 3797/3/6 3804/3/6
f 3792/6/6 3793/6/6 3805/6/6
f 3804/3/6 3792/3/6 3805/3/6
f 3793/6/6 3789/6/6 3806/6/6
f 3805/6/6 3793/6/6 3806/6/6
f 3806/6/6 3789/6/6 3807/6/6
f 3798/9/6 3799/9/6 3809/9/6
f 3809/9/6 3799/9/6 3810/9/6
f 3800/6/6 3801/6/6 3811/6/6
f 3802/6/6 3803/6/6 3811/6/6
f 3801/6/6 3802/6/6 3811/6/6
f 3803/3/6 3804/3/6 3812/3/6
f 3811/6/6 3803/6/6 3812/6/6
f 3804/6/6 3805/6/6 3813/6/6
f 3812/3/6 3804/3/6 3813/3/6
f 3805/6/6 3806/6/6 3813/6/6
f 3813/6/6 3806/6/6 3814/6/6
f 3814/6/6 3806/6/6 3815/6/6
f 3808/9/6 3809/9/6 3816/9/6
f 3816/9/6 3809/9/6 3817/9/6
f 3813/6/6 3814/6/6 3819/6/6
f 3812/6/6 3813/6/6 3819/6/6
f 3819/6/6 3814/6/6 3820/6/6
f 3817/6/6 3818/6/6 3822/6/6
f 3816/6/6 3817/6/6 3822/6/6
f 3822/6/6 3818/6/6 3823/6/6
f 3821/6/6 3822/6/6 3823/6/6
f 3823/6/6 3824/6/6 3825/6/6
f 3825/6/6 3826/6/6 3827/6/6
f 3821/6/6 3823/6/6 3829/6/6
f 3827/6/6 3828/6/6 3829/6/6
f 3825/6/6 3827/6/6 3829/6/6
f 3823/6/6 3825/6/6 3829/6/6
f 3829/6/6 3828/6/6 3830/6/6
f 3830/6/6 3828/6/6 3831/6/6
f 3831/6/6 3828/6/6 3832/6/6
f 3832/6/6 3828/6/6 3833/6/6
f 3833/6/6 3828/6/6 3834/6/6
f 3834/6/6 3828/6/6 3835/6/6
f 3835/6/6 3828/6/6 3836/6/6
f 3834/6/6 3835/6/6 3837/6/6
f 3837/6/6 3835/6/6 3838/6/6
f 3839/2/6 3840/2/6 3841/2/6
f 3841/2/6 3840/2/6 3842/2/6
f 3843/2/6 3844/2/6 3845/2/6
f 3845/2/6 3844/2/6 3846/2/6
f 3847/2/6 3848/2/6 3849/2/6
f 3849/2/6 3848/2/6 3850/2/6
f 3851/2/6 3852/2/6 3853/2/6
f 3853/2/6 3852/2/6 3854/2/6
f 3855/2/6 3856/2/6 3857/2/6
f 3857/2/6 3856/2/6 3858/2/6
f 3859/2/6 3860/2/6 3861/2/6
f 3861/2/6 3860/2/6 3862/2/6
f 3863/2/6 3864/2/6 3865/2/6
f 3865/2/6 3864/2/6 3866/2/6
f 3867/2/6 3868/2/6 3869/2/6
f 3869/2/6 3868/2/6 3870/2/6
f 3871/2/6 3872/2/6 3873/2/6
f 3873/2/6 3872/2/6 3874/2/6
f 3875/2/6 3876/2/6 3878/2/6
f 3878/2/6 3876/2/6 3879/2/6
f 3877/2/6 3878/2/6 3880/2/6
f 3880/2/6 3878/2/6 3881/2/6
f 3882/2/6 3883/2/6 3886/2/6
f 3886/2/6 3883/2/6 3887/2/6
f 3884/2/6 3885/2/6 3888/2/6
f 3888/2/6 3885/2/6 3889/2/6
f 3890/4/6 3891/4/6 3899/4/6
f 3891/1/6 3892/1/6 3900/1/6
f 3899/4/6 3891/4/6 3900/4/6
f 3892/4/6 3893/4/6 3901/4/6
f 3900/1/6 3892/1/6 3901/1/6
f 3893/5/6 3894/5/6 3902/5/6
f 3901/4/6 3893/4/6 3902/4/6
f 3894/7/6 3895/7/6 3903/7/6
f 3902/5/6 3894/5/6 3903/5/6
f 3895/1/6 3896/1/6 3904/1/6
f 3903/7/6 3895/7/6 3904/7/6
f 3896/4/6 3897/4/6 3905/4/6
f 3904/1/6 3896/1/6 3905/1/6
f 3905/4/6 3897/4/6 3906/4/6
f 3906/4/6 3897/4/6 3907/4/6
f 3907/4/6 3897/4/6 3908/4/6
f 3898/4/6 3899/4/6 3910/4/6
f 3910/4/6 3899/4/6 3911/4/6
f 3903/1/6 3904/1/6 3912/1/6
f 3900/1/6 3901/1/6 3912/1/6
f 3901/1/6 3902/1/6 3912/1/6
f 3902/1/6 3903/1/6 3912/1/6
f 3905/1/6 3906/1/6 3912/1/6
f 3904/1/6 3905/1/6 3912/1/6
f 3906/4/6 3907/4/6 3913/4/6
f 3912/1/6 3906/1/6 3913/1/6
f 3913/4/6 3907/4/6 3914/4/6
f 3909/4/6 3910/4/6 3915/4/6
f 3915/4/6 3910/4/6 3916/4/6
f 3917/2/6 3918/2/6 3919/2/6
f 3919/2/6 3918/2/6 3920/2/6
f 3921/2/6 3922/2/6 3923/2/6
f 3921/2/6 3923/2/6 3928/2/6
f 3923/2/6 3924/2/6 3928/2/6
f 3925/2/6 3926/2/6 3931/2/6
f 3931/2/6 3926/2/6 3932/2/6
f 3927/2/6 3928/2/6 3933/2/6
f 3928/2/6 3924/2/6 3934/2/6
f 3933/2/6 3928/2/6 3934/2/6
f 3929/2/6 3930/2/6 3935/2/6
f 3935/2/6 3930/2/6 3936/2/6
f 3934/2/6 3935/2/6 3937/2/6
f 3937/2/6 3935/2/6 3938/2/6
f 3939/4/6 3940/4/6 3941/4/6
f 3941/4/6 3940/4/6 3942/4/6
f 3942/4/6 3940/4/6 3943/4/6
f 3944/2/6 3945/2/6 3946/2/6
f 3946/2/6 3945/2/6 3947/2/6
f 3948/2/6 3949/2/6 3952/2/6
f 3952/2/6 3949/2/6 3953/2/6
f 3950/2/6 3951/2/6 3955/2/6
f 3955/2/6 3951/2/6 3956/2/6
f 3954/2/6 3955/2/6 3959/2/6
f 3959/2/6 3955/2/6 3960/2/6
f 3957/2/6 3958/2/6 3961/2/6
f 3961/2/6 3958/2/6 3962/2/6
f 3963/1/6 3964/1/6 3969/1/6
f 3969/1/6 3964/1/6 3970/1/6
f 3965/1/6 3966/1/6 3971/1/6
f 3971/1/6 3966/1/6 3972/1/6
f 3967/1/6 3968/1/6 3973/1/6
f 3973/1/6 3968/1/6 3974/1/6
f 3974/1/6 3968/1/6 3975/1/6
f 3975/1/6 3968/1/6 3976/1/6
f 3977/2/6 3978/2/6 3979/2/6
f 3979/2/6 3978/2/6 3980/2/6
f 3983/2/6 3984/2/6 3985/2/6
f 3985/2/6 3984/2/6 3986/2/6
f 3981/2/6 3982/2/6 3987/2/6
f 3987/2/6 3982/2/6 3988/2/6
f 3989/2/6 3990/2/6 3993/2/6
f 3993/2/6 3990/2/6 3994/2/6
f 3991/2/6 3992/2/6 3997/2/6
f 3995/2/6 3996/2/6 4000/2/6
f 4000/2/6 3996/2/6 4001/2/6
f 4001/2/6 3996/2/6 4002/2/6
f 3997/2/6 3998/2/6 4003/2/6
f 3991/2/6 3997/2/6 4003/2/6
f 4003/2/6 3998/2/6 4004/2/6
f 4000/2/6 4001/2/6 4005/2/6
f 3999/2/6 4000/2/6 4005/2/6
f 4005/2/6 4001/2/6 4006/2/6
f 4007/7/6 4008/7/6 4011/7/6
f 4011/7/6 4008/7/6 4012/7/6
f 4009/9/6 4010/9/6 4013/9/6
f 4013/9/6 4010/9/6 4014/9/6
f 4015/2/6 4016/2/6 4018/2/6
f 4018/2/6 4016/2/6 4019/2/6
f 4020/2/6 4021/2/6 4022/2/6
f 4022/2/6 4021/2/6 4023/2/6
f 4017/2/6 4018/2/6 4026/2/6
f 4026/2/6 4018/2/6 4027/2/6
f 4024/2/6 4025/2/6 4028/2/6
f 4028/2/6 4025/2/6 4029/2/6
f 4030/2/6 4031/2/6 4032/2/6
f 4032/2/6 4031/2/6 4033/2/6
f 4034/7/6 4035/7/6 4041/7/6
f 4035/9/6 4036/9/6 4042/9/6
f 4041/7/6 4035/7/6 4042/7/6
f 4042/9/6 4036/9/6 4043/9/6
f 4037/7/6 4038/7/6 4044/7/6
f 4044/7/6 4038/7/6 4045/7/6
f 4039/9/6 4040/9/6 4046/9/6
f 4046/9/6 4040/9/6 4047/9/6
f 4048/2/6 4049/2/6 4050/2/6
f 4050/2/6 4049/2/6 4051/2/6
f 4052/2/6 4053/2/6 4054/2/6
f 4054/2/6 4053/2/6 4055/2/6
f 4056/2/6 4057/2/6 4061/2/6
f 4057/6/6 4058/6/6 4062/6/6
f 4061/2/6 4057/2/6 4062/2/6
f 4062/6/6 4058/6/6 4063/6/6
f 4059/2/6 4060/2/6 4066/2/6
f 4066/2/6 4060/2/6 4067/2/6
f 4064/2/6 4065/2/6 4068/2/6
f 4068/2/6 4065/2/6 4069/2/6
f 4070/7/6 4071/7/6 4073/7/6
f 4071/9/6 4072/9/6 4074/9/6
f 4073/7/6 4071/7/6 4074/7/6
f 4074/9/6 4072/9/6 4075/9/6
f 4076/2/6 4077/2/6 4078/2/6
f 4078/2/6 4077/2/6 4079/2/6
f 4080/6/6 4081/6/6 4084/6/6
f 4084/6/6 4081/6/6 4085/6/6
f 4082/2/6 4083/2/6 4086/2/6
f 4086/2/6 4083/2/6 4087/2/6
f 4088/2/6 4089/2/6 4092/2/6
f 4092/2/6 4089/2/6 4093/2/6
f 4090/2/6 4091/2/6 4094/2/6
f 4094/2/6 4091/2/6 4095/2/6
f 4095/2/6 4096/2/6 4099/2/6
f 4099/2/6 4096/2/6 4100/2/6
f 4101/2/6 4102/2/6 4104/2/6
f 4103/2/6 4104/2/6 4106/2/6
f 4105/2/6 4106/2/6 4108/2/6
f 4097/6/6 4098/6/6 4109/6/6
f 4109/6/6 4098/6/6 4110/6/6
f 4107/2/6 4108/2/6 4113/2/6
f 4104/2/6 4102/2/6 4114/2/6
f 4106/2/6 4104/2/6 4114/2/6
f 4113/2/6 4108/2/6 4114/2/6
f 4108/2/6 4106/2/6 4114/2/6
f 4114/2/6 4102/2/6 4115/2/6
f 4110/6/6 4111/6/6 4116/6/6
f 4116/6/6 4111/6/6 4117/6/6
f 4112/6/6 4113/6/6 4119/6/6
f 4113/2/6 4114/2/6 4120/2/6
f 4119/6/6 4113/6/6 4120/6/6
f 4120/2/6 4114/2/6 4121/2/6
f 4121/2/6 4114/2/6 4122/2/6
f 4118/6/6 4119/6/6 4123/6/6
f 4120/2/6 4121/2/6 4123/2/6
f 4119/2/6 4120/2/6 4123/2/6
f 4123/2/6 4121/2/6 4124/2/6
f 4118/6/6 4123/6/6 4125/6/6
f 4125/6/6 4123/6/6 4126/6/6
f 4127/2/6 4128/2/6 4131/2/6
f 4131/2/6 4128/2/6 4132/2/6
f 4129/2/6 4130/2/6 4136/2/6
f 4136/2/6 4130/2/6 4137/2/6
f 4132/2/6 4133/2/6 4138/2/6
f 4138/2/6 4133/2/6 4139/2/6
f 4134/2/6 4135/2/6 4140/2/6
f 4140/2/6 4135/2/6 4141/2/6
f 4141/2/6 4135/2/6 4143/2/6
f 4143/2/6 4135/2/6 4144/2/6
f 4142/2/6 4143/2/6 4146/2/6
f 4145/2/6 4146/2/6 4148/2/6
f 4146/2/6 4143/2/6 4149/2/6
f 4148/2/6 4146/2/6 4149/2/6
f 4149/2/6 4143/2/6 4150/2/6
f 4147/2/6 4148/2/6 4151/2/6
f 4148/2/6 4149/2/6 4151/2/6
f 4151/2/6 4149/2/6 4152/2/6
f 4151/6/6 4152/6/6 4154/6/6
f 4152/2/6 4149/2/6 4155/2/6
f 4154/6/6 4152/6/6 4155/6/6
f 4155/2/6 4149/2/6 4156/2/6
f 4153/6/6 4154/6/6 4158/6/6
f 4154/6/6 4155/6/6 4158/6/6
f 4158/6/6 4155/6/6 4159/6/6
f 4159/6/6 4155/6/6 4160/6/6
f 4157/6/6 4158/6/6 4162/6/6
f 4158/6/6 4159/6/6 4162/6/6
f 4162/6/6 4159/6/6 4163/6/6
f 4163/6/6 4159/6/6 4164/6/6
f 4161/6/6 4162/6/6 4165/6/6
f 4162/6/6 4163/6/6 4165/6/6
f 4165/6/6 4163/6/6 4166/6/6
f 4167/2/6 4168/2/6 4175/2/6
f 4175/2/6 4168/2/6 4176/2/6
f 4169/2/6 4170/2/6 4177/2/6
f 4177/2/6 4170/2/6 4178/2/6
f 4173/2/6 4174/2/6 4179/2/6
f 4179/2/6 4174/2/6 4180/2/6
f 4171/2/6 4172/2/6 4181/2/6
f 4181/2/6 4172/2/6 4182/2/6
f 4185/2/6 4186/2/6 4187/2/6
f 4187/2/6 4186/2/6 4188/2/6
f 4189/2/6 4190/2/6 4192/2/6
f 4190/2/6 4191/2/6 4192/2/6
f 4192/2/6 4191/2/6 4193/2/6
f 4189/2/6 4192/2/6 4195/2/6
f 4195/2/6 4192/2/6 4196/2/6
f 4194/6/6 4195/6/6 4197/6/6
f 4197/6/6 4195/6/6 4198/6/6
f 4199/6/6 4200/6/6 4201/6/6
f 4201/6/6 4200/6/6 4202/6/6
f 4183/6/6 4184/6/6 4205/6/6
f 4205/6/6 4184/6/6 4206/6/6
f 4203/6/6 4204/6/6 4207/6/6
f 4207/6/6 4204/6/6 4208/6/6
f 4209/6/6 4210/6/6 4211/6/6
f 4211/6/6 4210/6/6 4212/6/6
f 4213/2/6 4214/2/6 4215/2/6
f 4213/2/6 4215/2/6 4219/2/6
f 4215/2/6 4216/2/6 4219/2/6
f 4219/2/6 4216/2/6 4220/2/6
f 4217/6/6 4218/6/6 4221/6/6
f 4221/6/6 4218/6/6 4222/6/6
f 4220/2/6 4216/2/6 4223/2/6
f 4223/2/6 4216/2/6 4224/2/6
f 4225/2/6 4226/2/6 4227/2/6
f 4227/2/6 4226/2/6 4228/2/6
f 4229/6/6 4230/6/6 4231/6/6
f 4231/6/6 4230/6/6 4232/6/6
f 4233/6/6 4234/6/6 4235/6/6
f 4235/6/6 4234/6/6 4236/6/6
f 4217/6/6 4221/6/6 4239/6/6
f 4237/6/6 4238/6/6 4241/6/6
f 4241/6/6 4238/6/6 4242/6/6
f 4239/6/6 4240/6/6 4243/6/6
f 4237/6/6 4241/6/6 4244/6/6
f 4217/6/6 4239/6/6 4245/6/6
f 4243/6/6 4244/6/6 4245/6/6
f 4239/6/6 4243/6/6 4245/6/6
f 4244/6/6 4241/6/6 4246/6/6
f 4245/6/6 4244/6/6 4246/6/6
f 4247/2/6 4248/2/6 4251/2/6
f 4251/2/6 4248/2/6 4252/2/6
f 4249/9/6 4250/9/6 4254/9/6
f 4254/9/6 4250/9/6 4255/9/6
f 4253/6/6 4254/6/6 4258/6/6
f 4255/6/6 4256/6/6 4258/6/6
f 4254/6/6 4255/6/6 4258/6/6
f 4258/6/6 4256/6/6 4259/6/6
f 4257/6/6 4258/6/6 4259/6/6
f 4259/6/6 4256/6/6 4260/6/6
f 4260/6/6 4256/6/6 4261/6/6
f 4261/6/6 4256/6/6 4262/6/6
f 4257/6/6 4259/6/6 4263/6/6
f 4263/6/6 4264/6/6 4265/6/6
f 4265/6/6 4264/6/6 4266/6/6
f 4257/6/6 4263/6/6 4267/6/6
f 4263/6/6 4265/6/6 4267/6/6
f 4267/6/6 4265/6/6 4268/6/6
f 4268/6/6 4265/6/6 4269/6/6
f 4269/6/6 4265/6/6 4270/6/6
f 4271/6/6 4272/6/6 4273/6/6
f 4273/6/6 4272/6/6 4274/6/6
f 4274/6/6 4272/6/6 4275/6/6
f 4275/6/6 4272/6/6 4276/6/6
f 4271/6/6 4273/6/6 4277/6/6
f 4274/6/6 4275/6/6 4278/6/6
f 4278/6/6 4275/6/6 4279/6/6
f 4279/6/6 4275/6/6 4280/6/6
f 4271/6/6 4277/6/6 4281/6/6
f 4277/6/6 4278/6/6 4281/6/6
f 4278/6/6 4279/6/6 4281/6/6
f 4281/6/6 4279/6/6 4282/6/6
f 4283/6/6 4284/6/6 4285/6/6
f 4285/6/6 4284/6/6 4286/6/6
f 4283/6/6 4285/6/6 4287/6/6
f 4286/6/6 4284/6/6 4288/6/6
f 4283/6/6 4287/6/6 4289/6/6
f 4287/6/6 4288/6/6 4289/6/6
f 4288/6/6 4284/6/6 4290/6/6
f 4289/6/6 4288/6/6 4290/6/6
f 4291/6/6 4292/6/6 4293/6/6
f 4293/6/6 4292/6/6 4294/6/6
